ID,state
444,TNFRSF1A -- TNFRSF1B -- NFKB1 -- MAPK8 -- SIRT1 -- RB1 -- TNFAIP3 -- CCND1 -- TRAF1 -- MAPK14 -- RHOA -- RAC1 -- MAP2K7 -- MAP3K1 -- IGF1 -- MAP3K14 -- TRADD -- TNFRSF10B -- ATM -- CASP2 -- MDM2 -- CHUK -- RPS6KA5 -- PPP1R13L -- MAPK9 -- LYN -- IRF1 -- EIF4G2 -- HTRA2 -- HIP1 -- CDK4 -- OTUD7B -- RNF11 -- CASP10 -- PSEN1 -- SOD1 -- RPA4 -- SMPD1 -- TNIK -- HTT -- PELP1 -- BAX -- BAK1 -- BID -- FOXM1 -- PCNA -- PLAC8 -- CASP9 -- DIABLO -- APAF1
550,TNFRSF1A -- TNFRSF1B -- MAPK8 -- STAT1 -- JUN -- FOS -- SIRT1 -- TNFAIP3 -- TRAF1 -- MAPK14 -- RHOA -- TGFB2 -- RAC1 -- MAP2K7 -- MAP3K1 -- VEGFA -- MAP3K14 -- RET -- TRADD -- ATM -- CASP2 -- CHUK -- RPS6KA5 -- PPP1R13L -- MAPK9 -- IRF1 -- EIF4G2 -- HTRA2 -- MYB -- HIP1 -- RNF11 -- PSEN1 -- SOD1 -- HNRNPK -- CASP7 -- SMPD1 -- TNIK -- HTT -- BRCA1 -- CDKN2A -- BID -- MCL1 -- PCNA -- TAF1 -- PLAC8 -- CASP9 -- DIABLO -- APAF1 -- RASSF1
383,TNFRSF1A -- TNFRSF1B -- MAPK8 -- STAT1 -- JUN -- FOS -- SIRT1 -- RB1 -- TNFAIP3 -- TRAF1 -- MAPK14 -- RHOA -- RAC1 -- MAP2K7 -- MAP3K1 -- IGF1 -- VEGFA -- MAP3K14 -- TRADD -- TNFRSF10B -- CASP2 -- CHUK -- RPS6KA5 -- PPP1R13L -- MAPK9 -- IRF1 -- EIF4G2 -- HTRA2 -- MYB -- HIP1 -- RNF11 -- CASP10 -- PSEN1 -- SOD1 -- HNRNPK -- RPA4 -- SMPD1 -- TNIK -- HTT -- BRCA1 -- CDKN2A -- BID -- FOXM1 -- MCL1 -- PCNA -- PLAC8 -- CASP9 -- DIABLO -- APAF1
3,TNFRSF1A -- TNFRSF1B -- NFKB1 -- MAPK8 -- BIRC2 -- BIRC3 -- SIRT1 -- MYC -- RB1 -- TNFAIP3 -- CCND1 -- MAPK14 -- PTMA -- RHOA -- TGFB2 -- RAC1 -- MAP2K7 -- MAP3K1 -- IGF1 -- TRADD -- TNFRSF10B -- MDM2 -- CHUK -- PPP1R13L -- MAPK9 -- LYN -- IRF1 -- CYCS -- CDK4 -- OTUD7B -- RNF11 -- PSEN1 -- BAD -- SOD1 -- RPA4 -- SMPD1 -- TNIK -- PELP1 -- EIF4E -- BID -- FOXM1 -- MCL1 -- PCNA -- DIABLO -- RANGAP1
808,STAT1 -- JUN -- FOS -- BIRC2 -- BIRC3 -- SIRT1 -- MAPK14 -- RHOA -- TGFB2 -- RAC1 -- MAP2K7 -- MAP3K1 -- VEGFA -- RET -- MAPK1 -- ATM -- CHUK -- RPS6KA5 -- PPP1R13L -- MAPK9 -- IRF1 -- EIF4G2 -- MYB -- HIP1 -- OTUD7B -- RNF11 -- CASP10 -- PARP1 -- PSEN1 -- SOD1 -- HNRNPK -- SMPD1 -- BRCA1 -- CDKN2A -- PELP1 -- BID -- MCL1 -- PCNA -- TAF1 -- PLAC8 -- DIABLO -- APAF1 -- RASSF1
532,TNFRSF1A -- TNFRSF1B -- NFKB1 -- MAPK8 -- SIRT1 -- RB1 -- TNFAIP3 -- CCND1 -- TRAF1 -- MAPK14 -- RHOA -- RAC1 -- MAP2K7 -- MAP3K1 -- IGF1 -- MAP3K14 -- TRADD -- TNFRSF10B -- ATM -- CASP2 -- MDM2 -- CHUK -- RPS6KA5 -- PPP1R13L -- MAPK9 -- LYN -- IRF1 -- EIF4G2 -- HTRA2 -- HIP1 -- CDK4 -- OTUD7B -- RNF11 -- CASP10 -- PSEN1 -- SOD1 -- RPA4 -- SMPD1 -- TNIK -- HTT -- PELP1 -- BAX -- BAK1 -- BID -- FOXM1 -- PCNA -- PLAC8 -- CASP9 -- DIABLO -- APAF1
695,TNFRSF1A -- TNFRSF1B -- NFKB1 -- MAPK8 -- SIRT1 -- MYC -- RB1 -- TNFAIP3 -- CCND1 -- MAPK14 -- PTMA -- RHOA -- RAC1 -- MAP2K7 -- MAP3K1 -- MAP3K14 -- TRADD -- TNFRSF10B -- ATM -- CASP2 -- MDM2 -- CHUK -- PPP1R13L -- MAPK9 -- LYN -- IRF1 -- EIF4G2 -- HTRA2 -- CDK4 -- OTUD7B -- RNF11 -- PSEN1 -- SOD1 -- RPA4 -- SMPD1 -- TNIK -- PELP1 -- BAX -- BAK1 -- BID -- FOXM1 -- PCNA -- DIABLO -- APAF1 -- RANGAP1
809,STAT1 -- BIRC2 -- BIRC3 -- RB1 -- EP300 -- TRAF1 -- MAPK14 -- PTMA -- RHOA -- RAC1 -- MAP2K7 -- MAP3K1 -- IGF1 -- VEGFA -- RET -- TRADD -- MAPK1 -- ATM -- CHUK -- RPS6KA5 -- PPP1R13L -- MAPK9 -- LYN -- IRF1 -- MYB -- CYCS -- HIP1 -- OTUD7B -- RNF11 -- PARP1 -- PSEN1 -- SOD1 -- HNRNPK -- SMPD1 -- TNIK -- CDKN2A -- EIF4E -- BID -- MCL1 -- PCNA -- PLAC8 -- DIABLO -- RASSF1
251,NFKB1 -- BIRC2 -- RB1 -- TNFAIP3 -- CCND1 -- TRAF1 -- MAPK14 -- RHOA -- RAC1 -- MAP2K7 -- MAP3K1 -- MAPK1 -- TNFRSF10B -- MDM2 -- CHUK -- RPS6KA5 -- PPP1R13L -- MAPK9 -- LYN -- IRF1 -- EIF4G2 -- CYCS -- HIP1 -- CDK4 -- OTUD7B -- RNF11 -- CASP10 -- PARP1 -- PSEN1 -- SOD1 -- RPA4 -- SMPD1 -- PELP1 -- BID -- FOXM1 -- MCL1 -- CTBP1 -- PCNA -- DIABLO
9,STAT1 -- SIRT1 -- CFLAR -- MAPK14 -- RAC1 -- MAP2K7 -- MAP3K1 -- IGF1 -- VEGFA -- RET -- MAPK1 -- E2F1 -- CHUK -- RPS6KA5 -- PPP1R13L -- MAPK9 -- LYN -- IRF1 -- EIF4G2 -- HTRA2 -- MYB -- HIP1 -- CDK4 -- OTUD7B -- RNF11 -- PSEN1 -- SOD1 -- RPA4 -- CASP7 -- BBC3 -- PELP1 -- BAK1 -- EIF4E -- BID -- FOXM1 -- CTBP1 -- RBL1 -- PCNA -- TAF1 -- PLAC8 -- DIABLO -- APAF1
405,TP53 -- STAT1 -- BIRC2 -- SIRT1 -- MYC -- MAPK14 -- PTMA -- RHOA -- IL2 -- MAP2K7 -- MAP3K1 -- VEGFA -- RET -- MAPK1 -- TNFRSF10B -- AKT1 -- CHUK -- PPP1R13L -- MAPK9 -- LYN -- IRF1 -- CYCS -- CDK4 -- OTUD7B -- PARP1 -- PSEN1 -- RPA4 -- HTT -- BRCA1 -- BAK1 -- BID -- PCNA -- TAF1 -- CCNG1 -- DIABLO -- RANGAP1
236,TNFRSF1A -- TNFRSF1B -- NFKB1 -- MAPK8 -- STAT1 -- BIRC2 -- BIRC3 -- SIRT1 -- MYC -- TNFAIP3 -- MAPK14 -- RHOA -- TGFB2 -- RAC1 -- MAP2K7 -- MAP3K1 -- VEGFA -- RET -- TRADD -- MDM2 -- CHUK -- PPP1R13L -- MAPK9 -- LYN -- IRF1 -- CYCS -- CDK4 -- RNF11 -- PSEN1 -- BAD -- SOD1 -- HNRNPK -- SMPD1 -- TNIK -- PELP1 -- EIF4E -- BID -- FOXM1 -- MCL1 -- PCNA -- TAF1 -- DIABLO -- RANGAP1
795,STAT1 -- SIRT1 -- MYC -- RB1 -- MAPK14 -- PTMA -- RHOA -- RAC1 -- MAP2K7 -- MAP3K1 -- IGF1 -- MAPK1 -- E2F1 -- MDM2 -- CHUK -- PPP1R13L -- MAPK9 -- LYN -- IRF1 -- HTRA2 -- MYB -- CYCS -- CDK4 -- OTUD7B -- RNF11 -- PARP1 -- PSEN1 -- SOD1 -- RPA4 -- BBC3 -- PELP1 -- BAX -- BAK1 -- EIF4E -- BID -- FOXM1 -- CTBP1 -- PCNA -- TAF1 -- DIABLO -- RANGAP1
359,TNFRSF1A -- TNFRSF1B -- NFKB1 -- MAPK8 -- STAT1 -- BIRC2 -- BIRC3 -- SIRT1 -- MYC -- TNFAIP3 -- MAPK14 -- PTMA -- RHOA -- RAC1 -- MAP2K7 -- MAP3K1 -- VEGFA -- RET -- TRADD -- ATM -- CHUK -- RPS6KA5 -- PPP1R13L -- MAPK9 -- LYN -- IRF1 -- HTRA2 -- CDK4 -- OTUD7B -- RNF11 -- PSEN1 -- SOD1 -- HNRNPK -- SMPD1 -- TNIK -- BAX -- EIF4E -- BID -- FOXM1 -- MCL1 -- PCNA -- TAF1 -- PLAC8 -- DIABLO -- APAF1 -- RASSF1 -- RANGAP1
807,TNFRSF1A -- TNFRSF1B -- MAPK8 -- STAT1 -- BIRC2 -- SIRT1 -- MYC -- TNFAIP3 -- MAPK14 -- PTMA -- RHOA -- NR3C1 -- RAC1 -- MAP2K7 -- MAP3K1 -- IGF1 -- VEGFA -- TRADD -- ATM -- MDM2 -- CHUK -- PPP1R13L -- MAPK9 -- LYN -- IRF1 -- CYCS -- CDK4 -- OTUD7B -- RNF11 -- PSEN1 -- BAD -- SOD1 -- RPA4 -- SMPD1 -- TNIK -- PELP1 -- EIF4E -- BID -- FOXM1 -- MCL1 -- PCNA -- TAF1 -- DIABLO -- RANGAP1
537,TNFRSF1A -- TNFRSF1B -- MAPK8 -- STAT1 -- JUN -- FOS -- BIRC2 -- BIRC3 -- SIRT1 -- TNFAIP3 -- TRAF1 -- MAPK14 -- RHOA -- NR3C1 -- TGFB2 -- RAC1 -- MAP2K7 -- MAP3K1 -- VEGFA -- MAP3K14 -- RET -- TRADD -- ATM -- CHUK -- RPS6KA5 -- PPP1R13L -- MAPK9 -- IRF1 -- EIF4G2 -- MYB -- CYCS -- HIP1 -- RNF11 -- PSEN1 -- SOD1 -- HNRNPK -- SMPD1 -- TNIK -- HTT -- BRCA1 -- CDKN2A -- BID -- MCL1 -- PCNA -- TAF1 -- PLAC8 -- DIABLO -- RASSF1
610,TNFRSF1A -- TNFRSF1B -- MAPK8 -- STAT1 -- JUN -- FOS -- SIRT1 -- TNFAIP3 -- TRAF1 -- MAPK14 -- RHOA -- TGFB2 -- RAC1 -- MAP2K7 -- MAP3K1 -- VEGFA -- MAP3K14 -- RET -- TRADD -- ATM -- CASP2 -- CHUK -- RPS6KA5 -- PPP1R13L -- MAPK9 -- IRF1 -- EIF4G2 -- HTRA2 -- MYB -- HIP1 -- RNF11 -- PSEN1 -- SOD1 -- HNRNPK -- CASP7 -- SMPD1 -- TNIK -- HTT -- BRCA1 -- CDKN2A -- BAX -- BAK1 -- BID -- MCL1 -- PCNA -- TAF1 -- PLAC8 -- CASP9 -- DIABLO -- APAF1 -- RASSF1
309,TNFRSF1A -- TNFRSF1B -- NFKB1 -- MAPK8 -- FOS -- SIRT1 -- RB1 -- TNFAIP3 -- CCND1 -- TRAF1 -- MAPK14 -- RHOA -- RAC1 -- MAP2K7 -- MAP3K1 -- MAP3K14 -- TRADD -- TNFRSF10B -- ATM -- CASP2 -- MDM2 -- CHUK -- RPS6KA5 -- PPP1R13L -- MAPK9 -- IRF1 -- EIF4G2 -- HTRA2 -- HIP1 -- CDK4 -- OTUD7B -- RNF11 -- CASP10 -- PSEN1 -- SOD1 -- RPA4 -- SMPD1 -- TNIK -- HTT -- PELP1 -- BAX -- BAK1 -- BID -- FOXM1 -- PCNA -- PLAC8 -- CASP9 -- DIABLO -- APAF1
18,TNFRSF1A -- TNFRSF1B -- NFKB1 -- MAPK8 -- STAT1 -- BIRC2 -- SIRT1 -- MYC -- TNFAIP3 -- TRAF1 -- MAPK14 -- RAC1 -- MAP2K7 -- MAP3K1 -- VEGFA -- RET -- TRADD -- TNFRSF10B -- AKT1 -- CHUK -- RPS6KA5 -- PPP1R13L -- MAPK9 -- LYN -- IRF1 -- EIF4G2 -- CYCS -- HIP1 -- CDK4 -- OTUD7B -- PSEN1 -- BAD -- SOD1 -- HNRNPK -- RPA4 -- SMPD1 -- TNIK -- PELP1 -- BAK1 -- BID -- FOXM1 -- MCL1 -- PCNA -- TAF1 -- PLAC8 -- DIABLO
455,TNFRSF1A -- TNFRSF1B -- MAPK8 -- STAT1 -- JUN -- FOS -- SIRT1 -- TNFAIP3 -- TRAF1 -- MAPK14 -- RHOA -- NR3C1 -- TGFB2 -- RAC1 -- MAP2K7 -- MAP3K1 -- VEGFA -- MAP3K14 -- RET -- TRADD -- ATM -- CASP2 -- CHUK -- RPS6KA5 -- PPP1R13L -- MAPK9 -- IRF1 -- EIF4G2 -- HTRA2 -- MYB -- HIP1 -- RNF11 -- PSEN1 -- SOD1 -- HNRNPK -- CASP7 -- SMPD1 -- TNIK -- HTT -- BRCA1 -- CDKN2A -- BID -- MCL1 -- PCNA -- TAF1 -- PLAC8 -- CASP9 -- DIABLO -- APAF1 -- RASSF1
243,TNFRSF1A -- TNFRSF1B -- MAPK8 -- STAT1 -- JUN -- FOS -- BIRC2 -- SIRT1 -- TNFAIP3 -- TRAF1 -- MAPK14 -- RHOA -- NR3C1 -- TGFB2 -- RAC1 -- MAP2K7 -- MAP3K1 -- VEGFA -- RET -- TRADD -- ATM -- CASP2 -- CHUK -- RPS6KA5 -- PPP1R13L -- MAPK9 -- IRF1 -- EIF4G2 -- MYB -- CYCS -- HIP1 -- RNF11 -- PSEN1 -- SOD1 -- HNRNPK -- SMPD1 -- TNIK -- HTT -- BRCA1 -- CDKN2A -- BID -- MCL1 -- PCNA -- TAF1 -- PLAC8 -- DIABLO -- RASSF1
21,TNFRSF1A -- TNFRSF1B -- MAPK8 -- BIRC2 -- SIRT1 -- MYC -- TNFAIP3 -- CCND1 -- MAPK14 -- PTMA -- RHOA -- RAC1 -- MAP2K7 -- MAP3K1 -- IGF1 -- TRADD -- MDM2 -- CHUK -- PPP1R13L -- MAPK9 -- LYN -- IRF1 -- CYCS -- CDK4 -- RNF11 -- PSEN1 -- SOD1 -- RPA4 -- SMPD1 -- TNIK -- PELP1 -- BAX -- EIF4E -- BID -- FOXM1 -- MCL1 -- PCNA -- TAF1 -- DIABLO -- RANGAP1
520,TNFRSF1A -- TNFRSF1B -- NFKB1 -- MAPK8 -- STAT1 -- JUN -- SIRT1 -- RB1 -- TNFAIP3 -- TRAF1 -- MAPK14 -- RHOA -- RAC1 -- MAP2K7 -- MAP3K1 -- MAP3K14 -- TRADD -- TNFRSF10B -- ATM -- CASP2 -- CHUK -- RPS6KA5 -- PPP1R13L -- MAPK9 -- IRF1 -- EIF4G2 -- HTRA2 -- MYB -- HIP1 -- CDK4 -- OTUD7B -- RNF11 -- CASP10 -- PSEN1 -- SOD1 -- HNRNPK -- RPA4 -- SMPD1 -- TNIK -- HTT -- CDKN2A -- PELP1 -- BAX -- BAK1 -- BID -- FOXM1 -- PCNA -- PLAC8 -- CASP9 -- DIABLO -- APAF1
775,TNFRSF1A -- TNFRSF1B -- MAPK8 -- STAT1 -- JUN -- FOS -- SIRT1 -- TNFAIP3 -- TRAF1 -- MAPK14 -- RHOA -- NR3C1 -- TGFB2 -- RAC1 -- MAP2K7 -- MAP3K1 -- VEGFA -- MAP3K14 -- RET -- TRADD -- ATM -- CASP2 -- CHUK -- RPS6KA5 -- PPP1R13L -- MAPK9 -- IRF1 -- EIF4G2 -- HTRA2 -- MYB -- HIP1 -- RNF11 -- PSEN1 -- SOD1 -- HNRNPK -- RPA4 -- CASP7 -- SMPD1 -- TNIK -- HTT -- BRCA1 -- CDKN2A -- BAK1 -- BID -- MCL1 -- PCNA -- TAF1 -- PLAC8 -- CASP9 -- DIABLO -- APAF1 -- RASSF1
515,TNFRSF1A -- TNFRSF1B -- STAT1 -- FOS -- BIRC2 -- FASLG -- CFLAR -- TRAF1 -- MAPK14 -- TGFB2 -- RAC1 -- MAP2K7 -- MAP3K1 -- VEGFA -- RET -- TRADD -- TNFRSF10B -- AKT1 -- CASP2 -- CHUK -- RPS6KA5 -- PPP1R13L -- MAPK9 -- IRF1 -- EIF4G2 -- HIP1 -- CDK4 -- OTUD7B -- RNF11 -- PSEN1 -- HNRNPK -- RPA4 -- SMPD1 -- TNIK -- PELP1 -- BAK1 -- BID -- FOXM1 -- CTBP1 -- PCNA -- TAF1 -- PLAC8 -- CASP9 -- DIABLO
509,TNFRSF1A -- TNFRSF1B -- NFKB1 -- MAPK8 -- BIRC2 -- SIRT1 -- RB1 -- TNFAIP3 -- CCND1 -- MAPK14 -- PTMA -- RHOA -- RAC1 -- MAP2K7 -- MAP3K1 -- TRADD -- ATM -- MDM2 -- CHUK -- RPS6KA5 -- PPP1R13L -- MAPK9 -- LYN -- IRF1 -- CYCS -- CDK4 -- OTUD7B -- RNF11 -- PSEN1 -- SOD1 -- RPA4 -- SMPD1 -- TNIK -- PELP1 -- BAK1 -- EIF4E -- BID -- FOXM1 -- PCNA -- TAF1 -- DIABLO
430,STAT1 -- JUN -- FOS -- SIRT1 -- TRAF1 -- MAPK14 -- TGFB2 -- RAC1 -- MAP2K7 -- MAP3K1 -- VEGFA -- MAP3K14 -- RET -- MAPK1 -- AKT1 -- ATM -- CHUK -- RPS6KA5 -- PPP1R13L -- MAPK9 -- IRF1 -- EIF4G2 -- HTRA2 -- MYB -- HIP1 -- OTUD7B -- PSEN1 -- SOD1 -- CASP7 -- CDKN2A -- BBC3 -- BAX -- BAK1 -- BID -- RBL1 -- PCNA -- TAF1 -- PLAC8 -- DIABLO -- APAF1 -- RASSF1
27,TNFRSF1A -- TNFRSF1B -- MAPK8 -- STAT1 -- JUN -- SIRT1 -- FASLG -- TNFAIP3 -- TRAF1 -- MAPK14 -- RHOA -- NR3C1 -- TGFB2 -- RAC1 -- MAP2K7 -- MAP3K1 -- VEGFA -- MAP3K14 -- RET -- TRADD -- TNFRSF10B -- ATM -- CHUK -- RPS6KA5 -- PPP1R13L -- MAPK9 -- IRF1 -- EIF4G2 -- HTRA2 -- MYB -- HIP1 -- OTUD7B -- RNF11 -- CASP10 -- PSEN1 -- SOD1 -- HNRNPK -- CASP7 -- SMPD1 -- TNIK -- BRCA1 -- CDKN2A -- BAX -- BAK1 -- BID -- PCNA -- TAF1 -- PLAC8 -- CASP9 -- DIABLO -- APAF1 -- RASSF1
311,TNFRSF1A -- TNFRSF1B -- NFKB1 -- MAPK8 -- JUN -- FOS -- SIRT1 -- RB1 -- TNFAIP3 -- CCND1 -- TRAF1 -- MAPK14 -- RHOA -- RAC1 -- MAP2K7 -- MAP3K1 -- MAP3K14 -- TRADD -- TNFRSF10B -- ATM -- CASP2 -- MDM2 -- CHUK -- RPS6KA5 -- PPP1R13L -- MAPK9 -- IRF1 -- EIF4G2 -- HTRA2 -- HIP1 -- CDK4 -- OTUD7B -- RNF11 -- CASP10 -- PSEN1 -- SOD1 -- RPA4 -- SMPD1 -- TNIK -- HTT -- PELP1 -- BAX -- BAK1 -- BID -- FOXM1 -- PCNA -- PLAC8 -- CASP9 -- DIABLO -- APAF1
246,TNFRSF1A -- TNFRSF1B -- MAPK8 -- STAT1 -- JUN -- FOS -- BIRC2 -- BIRC3 -- SIRT1 -- TNFAIP3 -- TRAF1 -- MAPK14 -- RHOA -- NR3C1 -- TGFB2 -- RAC1 -- MAP2K7 -- MAP3K1 -- VEGFA -- RET -- TRADD -- ATM -- CHUK -- RPS6KA5 -- PPP1R13L -- MAPK9 -- LYN -- IRF1 -- EIF4G2 -- MYB -- CYCS -- RNF11 -- PSEN1 -- SOD1 -- HNRNPK -- SMPD1 -- TNIK -- HTT -- BRCA1 -- CDKN2A -- BID -- MCL1 -- PCNA -- TAF1 -- PLAC8 -- DIABLO -- RANGAP1
811,TNFRSF1A -- TNFRSF1B -- NFKB1 -- MAPK8 -- JUN -- FOS -- SIRT1 -- RB1 -- TNFAIP3 -- CCND1 -- TRAF1 -- MAPK14 -- RHOA -- RAC1 -- MAP2K7 -- MAP3K1 -- MAP3K14 -- TRADD -- TNFRSF10B -- CASP2 -- MDM2 -- CHUK -- RPS6KA5 -- PPP1R13L -- MAPK9 -- IRF1 -- EIF4G2 -- HTRA2 -- MYB -- HIP1 -- CDK4 -- OTUD7B -- RNF11 -- CASP10 -- PSEN1 -- SOD1 -- RPA4 -- SMPD1 -- TNIK -- HTT -- PELP1 -- BAX -- BAK1 -- BID -- FOXM1 -- PCNA -- PLAC8 -- CASP9 -- DIABLO -- APAF1
747,TNFRSF1A -- TNFRSF1B -- MAPK8 -- STAT1 -- JUN -- FOS -- BIRC2 -- BIRC3 -- SIRT1 -- TNFAIP3 -- TRAF1 -- MAPK14 -- RHOA -- NR3C1 -- TGFB2 -- RAC1 -- MAP2K7 -- MAP3K1 -- VEGFA -- MAP3K14 -- RET -- TRADD -- ATM -- CASP2 -- CHUK -- RPS6KA5 -- PPP1R13L -- MAPK9 -- IRF1 -- EIF4G2 -- MYB -- CYCS -- HIP1 -- RNF11 -- PSEN1 -- SOD1 -- HNRNPK -- CASP7 -- SMPD1 -- TNIK -- HTT -- BRCA1 -- CDKN2A -- BID -- MCL1 -- PCNA -- TAF1 -- PLAC8 -- DIABLO -- RASSF1
415,TNFRSF1A -- TNFRSF1B -- NFKB1 -- MAPK8 -- BIRC2 -- SIRT1 -- RB1 -- TNFAIP3 -- CCND1 -- TRAF1 -- MAPK14 -- RHOA -- RAC1 -- MAP2K7 -- MAP3K1 -- IGF1 -- TRADD -- TNFRSF10B -- MDM2 -- CHUK -- RPS6KA5 -- PPP1R13L -- MAPK9 -- LYN -- IRF1 -- EIF4G2 -- HTRA2 -- CYCS -- HIP1 -- CDK4 -- OTUD7B -- RNF11 -- CASP10 -- PSEN1 -- SOD1 -- RPA4 -- SMPD1 -- TNIK -- PELP1 -- BAX -- BAK1 -- BID -- FOXM1 -- PCNA -- PLAC8 -- DIABLO
33,TNFRSF1A -- TNFRSF1B -- MAPK8 -- BIRC2 -- SIRT1 -- MYC -- TNFAIP3 -- CCND1 -- MAPK14 -- PTMA -- RHOA -- RAC1 -- MAP2K7 -- MAP3K1 -- TRADD -- MDM2 -- CHUK -- PPP1R13L -- MAPK9 -- LYN -- IRF1 -- CYCS -- CDK4 -- OTUD7B -- RNF11 -- PSEN1 -- BAD -- SOD1 -- RPA4 -- SMPD1 -- TNIK -- PELP1 -- EIF4E -- BID -- FOXM1 -- MCL1 -- PCNA -- TAF1 -- DIABLO -- RANGAP1
755,TNFRSF1A -- TNFRSF1B -- MAPK8 -- STAT1 -- BIRC2 -- BIRC3 -- SIRT1 -- MYC -- TNFAIP3 -- MAPK14 -- RHOA -- TGFB2 -- RAC1 -- MAP2K7 -- MAP3K1 -- VEGFA -- RET -- TRADD -- ATM -- CHUK -- PPP1R13L -- MAPK9 -- LYN -- IRF1 -- CYCS -- HIP1 -- CDK4 -- RNF11 -- PSEN1 -- BAD -- SOD1 -- HNRNPK -- SMPD1 -- TNIK -- HTT -- BRCA1 -- BID -- MCL1 -- PCNA -- TAF1 -- PLAC8 -- DIABLO -- RASSF1 -- RANGAP1
35,STAT1 -- JUN -- FOS -- BIRC2 -- BIRC3 -- MAPK14 -- TGFB2 -- RAC1 -- MAP2K7 -- MAP3K1 -- VEGFA -- MAP3K14 -- RET -- MAPK1 -- AKT1 -- ATM -- CHUK -- RPS6KA5 -- PPP1R13L -- MAPK9 -- IRF1 -- EIF4G2 -- MYB -- CYCS -- HIP1 -- OTUD7B -- PARP1 -- PSEN1 -- HNRNPK -- CDKN2A -- BID -- MCL1 -- RBL1 -- PCNA -- TAF1 -- PLAC8 -- DIABLO -- RASSF1
36,TNFRSF1A -- TNFRSF1B -- NFKB1 -- MAPK8 -- SIRT1 -- RB1 -- TNFAIP3 -- CCND1 -- TRAF1 -- MAPK14 -- RHOA -- RAC1 -- MAP2K7 -- MAP3K1 -- TRADD -- TNFRSF10B -- CASP2 -- MDM2 -- CHUK -- RPS6KA5 -- PPP1R13L -- MAPK9 -- LYN -- IRF1 -- HTRA2 -- HIP1 -- CDK4 -- OTUD7B -- RNF11 -- CASP10 -- PSEN1 -- SOD1 -- RPA4 -- SMPD1 -- TNIK -- PELP1 -- BAX -- BAK1 -- EIF4E -- BID -- FOXM1 -- PCNA -- PLAC8 -- CASP9 -- DIABLO -- APAF1
379,TNFRSF1A -- TNFRSF1B -- NFKB1 -- MAPK8 -- SIRT1 -- RB1 -- TNFAIP3 -- CCND1 -- TRAF1 -- MAPK14 -- RHOA -- RAC1 -- MAP2K7 -- MAP3K1 -- IGF1 -- MAP3K14 -- TRADD -- TNFRSF10B -- ATM -- CASP2 -- MDM2 -- CHUK -- RPS6KA5 -- PPP1R13L -- MAPK9 -- LYN -- IRF1 -- EIF4G2 -- HTRA2 -- HIP1 -- CDK4 -- OTUD7B -- RNF11 -- CASP10 -- PSEN1 -- SOD1 -- RPA4 -- SMPD1 -- TNIK -- HTT -- PELP1 -- BAX -- BAK1 -- BID -- FOXM1 -- PCNA -- PLAC8 -- CASP9 -- DIABLO -- APAF1
593,TNFRSF1A -- TNFRSF1B -- MAPK8 -- STAT1 -- JUN -- BIRC2 -- BIRC3 -- SIRT1 -- TNFAIP3 -- TRAF1 -- MAPK14 -- RHOA -- NR3C1 -- TGFB2 -- RAC1 -- MAP2K7 -- MAP3K1 -- VEGFA -- RET -- TRADD -- ATM -- CHUK -- RPS6KA5 -- PPP1R13L -- MAPK9 -- LYN -- IRF1 -- MYB -- CYCS -- HIP1 -- RNF11 -- PSEN1 -- SOD1 -- HNRNPK -- SMPD1 -- TNIK -- BRCA1 -- CDKN2A -- EIF4E -- BID -- MCL1 -- PCNA -- TAF1 -- PLAC8 -- DIABLO -- RASSF1
692,TNFRSF1A -- TNFRSF1B -- NFKB1 -- MAPK8 -- JUN -- SIRT1 -- RB1 -- TNFAIP3 -- CCND1 -- TRAF1 -- MAPK14 -- RHOA -- RAC1 -- MAP2K7 -- MAP3K1 -- MAP3K14 -- TRADD -- TNFRSF10B -- ATM -- CASP2 -- CHUK -- RPS6KA5 -- PPP1R13L -- MAPK9 -- IRF1 -- EIF4G2 -- HTRA2 -- MYB -- HIP1 -- RNF11 -- CASP10 -- PSEN1 -- SOD1 -- RPA4 -- SMPD1 -- TNIK -- HTT -- BRCA1 -- CDKN2A -- BAX -- BAK1 -- BID -- FOXM1 -- PCNA -- PLAC8 -- CASP9 -- DIABLO -- APAF1
462,TNFRSF1A -- TNFRSF1B -- NFKB1 -- MAPK8 -- STAT1 -- BIRC2 -- SIRT1 -- MYC -- TNFAIP3 -- MAPK14 -- PTMA -- RHOA -- RAC1 -- MAP2K7 -- MAP3K1 -- VEGFA -- RET -- TRADD -- TNFRSF10B -- CHUK -- PPP1R13L -- MAPK9 -- LYN -- IRF1 -- HTRA2 -- CYCS -- RNF11 -- PSEN1 -- BAD -- SOD1 -- HNRNPK -- SMPD1 -- TNIK -- BRCA1 -- BAK1 -- BID -- TFDP1 -- PCNA -- TAF1 -- DIABLO -- RASSF1 -- RANGAP1
412,TNFRSF1A -- TNFRSF1B -- MAPK8 -- STAT1 -- JUN -- FOS -- BIRC2 -- BIRC3 -- SIRT1 -- TNFAIP3 -- TRAF1 -- MAPK14 -- RHOA -- NR3C1 -- TGFB2 -- RAC1 -- MAP2K7 -- MAP3K1 -- VEGFA -- RET -- TRADD -- ATM -- CHUK -- RPS6KA5 -- PPP1R13L -- MAPK9 -- IRF1 -- MYB -- CYCS -- HIP1 -- RNF11 -- PSEN1 -- SOD1 -- HNRNPK -- SMPD1 -- TNIK -- BRCA1 -- CDKN2A -- EIF4E -- BID -- MCL1 -- PCNA -- TAF1 -- PLAC8 -- DIABLO -- RASSF1
241,STAT1 -- BIRC2 -- BIRC3 -- MAPK14 -- RAC1 -- MAP2K7 -- MAP3K1 -- IGF1 -- VEGFA -- RET -- MAPK1 -- AKT1 -- ATM -- E2F1 -- CHUK -- RPS6KA5 -- PPP1R13L -- MAPK9 -- LYN -- IRF1 -- MYB -- CYCS -- HIP1 -- CDK4 -- OTUD7B -- PARP1 -- PSEN1 -- RPA4 -- SMPD1 -- BBC3 -- PELP1 -- EIF4E -- BID -- CTBP1 -- RBL1 -- PCNA -- TAF1 -- PLAC8 -- DIABLO
390,STAT1 -- BIRC2 -- TNFAIP3 -- TRAF1 -- MAPK14 -- RAC1 -- MAP2K7 -- MAP3K1 -- VEGFA -- RET -- TRADD -- MAPK1 -- TNFRSF10B -- AKT1 -- E2F1 -- MDM2 -- CHUK -- RPS6KA5 -- PPP1R13L -- MAPK9 -- LYN -- IRF1 -- CYCS -- HIP1 -- CDK4 -- OTUD7B -- PARP1 -- PSEN1 -- RPA4 -- SMPD1 -- BBC3 -- PELP1 -- BAK1 -- EIF4E -- BID -- FOXM1 -- CTBP1 -- RBL1 -- PCNA -- TAF1 -- PLAC8 -- DIABLO
44,TNFRSF1A -- TNFRSF1B -- MAPK8 -- STAT1 -- JUN -- FOS -- SIRT1 -- RB1 -- TNFAIP3 -- TRAF1 -- MAPK14 -- RHOA -- RAC1 -- MAP2K7 -- MAP3K1 -- VEGFA -- MAP3K14 -- TRADD -- ATM -- CASP2 -- CHUK -- RPS6KA5 -- PPP1R13L -- MAPK9 -- IRF1 -- EIF4G2 -- HTRA2 -- MYB -- HIP1 -- OTUD7B -- RNF11 -- PSEN1 -- SOD1 -- HNRNPK -- SMPD1 -- TNIK -- HTT -- BRCA1 -- CDKN2A -- BAX -- BAK1 -- BID -- PCNA -- PLAC8 -- CASP9 -- DIABLO -- APAF1
357,TNFRSF1A -- TNFRSF1B -- MAPK8 -- STAT1 -- BIRC2 -- SIRT1 -- MYC -- TNFAIP3 -- MAPK14 -- PTMA -- RHOA -- NR3C1 -- TGFB2 -- RAC1 -- MAP2K7 -- MAP3K1 -- VEGFA -- RET -- TRADD -- ATM -- CHUK -- PPP1R13L -- MAPK9 -- LYN -- IRF1 -- EIF4G2 -- RNF11 -- CASP10 -- PSEN1 -- SOD1 -- HNRNPK -- SMPD1 -- TNIK -- BRCA1 -- BID -- MCL1 -- PCNA -- TAF1 -- PLAC8 -- DIABLO -- RASSF1 -- RANGAP1
46,TNFRSF1A -- TNFRSF1B -- MAPK8 -- STAT1 -- SIRT1 -- MYC -- TNFAIP3 -- CCND1 -- MAPK14 -- PTMA -- RHOA -- RAC1 -- MAP2K7 -- MAP3K1 -- MAP3K14 -- TRADD -- MDM2 -- CHUK -- PPP1R13L -- MAPK9 -- LYN -- IRF1 -- HTRA2 -- CDK4 -- OTUD7B -- RNF11 -- PSEN1 -- SOD1 -- RPA4 -- SMPD1 -- TNIK -- PELP1 -- BAX -- EIF4E -- BID -- FOXM1 -- PCNA -- TAF1 -- DIABLO -- RANGAP1
398,TNFRSF1A -- TNFRSF1B -- NFKB1 -- MAPK8 -- JUN -- FOS -- SIRT1 -- TNFAIP3 -- CCND1 -- TRAF1 -- MAPK14 -- RHOA -- RAC1 -- MAP2K7 -- MAP3K1 -- MAP3K14 -- TRADD -- TNFRSF10B -- CASP2 -- MDM2 -- CHUK -- PPP1R13L -- MAPK9 -- IRF1 -- HTRA2 -- MYB -- HIP1 -- CDK4 -- OTUD7B -- RNF11 -- CASP10 -- PSEN1 -- SOD1 -- RPA4 -- CASP7 -- SMPD1 -- TNIK -- PELP1 -- EIF4E -- BID -- FOXM1 -- PCNA -- TAF1 -- PLAC8 -- DIABLO -- APAF1
701,TNFRSF1A -- TNFRSF1B -- NFKB1 -- MAPK8 -- SIRT1 -- RB1 -- TNFAIP3 -- CCND1 -- TRAF1 -- MAPK14 -- RHOA -- RAC1 -- MAP2K7 -- MAP3K1 -- IGF1 -- MAP3K14 -- TRADD -- TNFRSF10B -- ATM -- CASP2 -- MDM2 -- CHUK -- RPS6KA5 -- PPP1R13L -- MAPK9 -- LYN -- IRF1 -- EIF4G2 -- HTRA2 -- HIP1 -- CDK4 -- OTUD7B -- RNF11 -- CASP10 -- PSEN1 -- SOD1 -- RPA4 -- SMPD1 -- TNIK -- HTT -- PELP1 -- BAX -- BAK1 -- BID -- FOXM1 -- PCNA -- PLAC8 -- CASP9 -- DIABLO -- APAF1
393,TNFRSF1A -- TNFRSF1B -- MAPK8 -- STAT1 -- JUN -- FOS -- SIRT1 -- TNFAIP3 -- TRAF1 -- MAPK14 -- RHOA -- RAC1 -- MAP2K7 -- MAP3K1 -- VEGFA -- MAP3K14 -- RET -- TRADD -- ATM -- CASP2 -- CHUK -- RPS6KA5 -- PPP1R13L -- MAPK9 -- IRF1 -- EIF4G2 -- HTRA2 -- MYB -- HIP1 -- CDK4 -- OTUD7B -- RNF11 -- CASP10 -- PSEN1 -- SOD1 -- RPA4 -- CASP7 -- SMPD1 -- TNIK -- HTT -- CDKN2A -- PELP1 -- BAK1 -- BID -- FOXM1 -- MCL1 -- PCNA -- PLAC8 -- CASP9 -- DIABLO -- APAF1
560,STAT1 -- JUN -- FASLG -- MAPK14 -- TGFB2 -- IL2 -- RAC1 -- MAP2K7 -- MAP3K1 -- VEGFA -- MAP3K14 -- TRADD -- TNFRSF10B -- AKT1 -- E2F1 -- MDM2 -- CHUK -- RPS6KA5 -- PPP1R13L -- MAPK9 -- IRF1 -- EIF4G2 -- HTRA2 -- HIP1 -- CDK4 -- OTUD7B -- PSEN1 -- SOD1 -- RPA4 -- CASP7 -- TNIK -- CDKN2A -- PELP1 -- BID -- FOXM1 -- MCL1 -- CTBP1 -- PCNA -- PLAC8 -- DIABLO -- APAF1
51,TNFRSF1A -- TNFRSF1B -- MAPK8 -- JUN -- FOS -- SIRT1 -- RB1 -- TNFAIP3 -- CCND1 -- TRAF1 -- MAPK14 -- RHOA -- RAC1 -- MAP2K7 -- MAP3K1 -- MAP3K14 -- TRADD -- TNFRSF10B -- CASP2 -- MDM2 -- CHUK -- RPS6KA5 -- PPP1R13L -- MAPK9 -- IRF1 -- EIF4G2 -- HTRA2 -- MYB -- HIP1 -- CDK4 -- OTUD7B -- RNF11 -- CASP10 -- PSEN1 -- SOD1 -- RPA4 -- SMPD1 -- TNIK -- HTT -- CDKN2A -- PELP1 -- BAX -- BAK1 -- BID -- FOXM1 -- PCNA -- PLAC8 -- CASP9 -- DIABLO -- APAF1
659,TNFRSF1A -- TNFRSF1B -- NFKB1 -- MAPK8 -- STAT1 -- JUN -- FOS -- BIRC3 -- SIRT1 -- TNFAIP3 -- TRAF1 -- MAPK14 -- RHOA -- RAC1 -- MAP2K7 -- MAP3K1 -- VEGFA -- MAP3K14 -- RET -- TRADD -- TNFRSF10B -- ATM -- CASP2 -- CHUK -- RPS6KA5 -- PPP1R13L -- MAPK9 -- IRF1 -- EIF4G2 -- MYB -- CYCS -- HIP1 -- CDK4 -- OTUD7B -- RNF11 -- CASP10 -- PSEN1 -- SOD1 -- HNRNPK -- RPA4 -- SMPD1 -- TNIK -- HTT -- CDKN2A -- PELP1 -- BID -- FOXM1 -- MCL1 -- PCNA -- TAF1 -- PLAC8 -- CASP9 -- DIABLO
233,TNFRSF1A -- NFKB1 -- STAT1 -- BIRC3 -- TNFAIP3 -- TRAF1 -- MAPK14 -- RHOA -- MAP2K7 -- MAP3K1 -- VEGFA -- MAP3K14 -- TRADD -- TNFRSF10B -- AKT1 -- CASP2 -- MDM2 -- CHUK -- RPS6KA5 -- PPP1R13L -- MAPK9 -- LYN -- IRF1 -- EIF4G2 -- MYB -- CYCS -- HIP1 -- CDK4 -- OTUD7B -- CASP10 -- PSEN1 -- RPA4 -- SMPD1 -- TNIK -- HTT -- PELP1 -- BID -- FOXM1 -- MCL1 -- CTBP1 -- PCNA -- TAF1 -- PLAC8 -- DIABLO
514,TNFRSF1A -- TNFRSF1B -- NFKB1 -- MAPK8 -- BIRC2 -- SIRT1 -- RB1 -- TNFAIP3 -- CCND1 -- MAPK14 -- RHOA -- RAC1 -- MAP2K7 -- MAP3K1 -- IGF1 -- RET -- TRADD -- TNFRSF10B -- ATM -- CHUK -- RPS6KA5 -- PPP1R13L -- MAPK9 -- LYN -- IRF1 -- HTRA2 -- CYCS -- HIP1 -- CDK4 -- OTUD7B -- RNF11 -- CASP10 -- PSEN1 -- SOD1 -- HNRNPK -- RPA4 -- SMPD1 -- TNIK -- PELP1 -- BAX -- BAK1 -- EIF4E -- BID -- FOXM1 -- PCNA -- PLAC8 -- DIABLO -- RANGAP1
434,TNFRSF1A -- TNFRSF1B -- MAPK8 -- STAT1 -- BIRC2 -- SIRT1 -- MYC -- TNFAIP3 -- MAPK14 -- PTMA -- RHOA -- NR3C1 -- RAC1 -- MAP2K7 -- MAP3K1 -- VEGFA -- RET -- TRADD -- ATM -- CHUK -- PPP1R13L -- MAPK9 -- LYN -- IRF1 -- CYCS -- CDK4 -- RNF11 -- PSEN1 -- SOD1 -- HNRNPK -- SMPD1 -- TNIK -- BRCA1 -- EIF4E -- BID -- MCL1 -- PCNA -- TAF1 -- PLAC8 -- DIABLO -- RASSF1 -- RANGAP1
56,TNFRSF1A -- TNFRSF1B -- NFKB1 -- MAPK8 -- JUN -- SIRT1 -- RB1 -- TNFAIP3 -- CCND1 -- TRAF1 -- MAPK14 -- RHOA -- RAC1 -- MAP2K7 -- MAP3K1 -- IGF1 -- MAP3K14 -- TRADD -- TNFRSF10B -- CASP2 -- MDM2 -- CHUK -- RPS6KA5 -- PPP1R13L -- MAPK9 -- IRF1 -- EIF4G2 -- HTRA2 -- HIP1 -- CDK4 -- OTUD7B -- RNF11 -- CASP10 -- PSEN1 -- SOD1 -- RPA4 -- SMPD1 -- TNIK -- HTT -- PELP1 -- BAX -- BAK1 -- BID -- FOXM1 -- PCNA -- PLAC8 -- CASP9 -- DIABLO -- APAF1
404,TNFRSF1A -- TNFRSF1B -- NFKB1 -- MAPK8 -- STAT1 -- BIRC2 -- BIRC3 -- SIRT1 -- MYC -- TNFAIP3 -- MAPK14 -- PTMA -- RHOA -- TGFB2 -- RAC1 -- MAP2K7 -- MAP3K1 -- VEGFA -- TRADD -- TNFRSF10B -- MDM2 -- CHUK -- PPP1R13L -- MAPK9 -- LYN -- IRF1 -- CYCS -- CDK4 -- OTUD7B -- RNF11 -- PSEN1 -- BAD -- SOD1 -- RPA4 -- SMPD1 -- TNIK -- PELP1 -- BID -- FOXM1 -- MCL1 -- PCNA -- TAF1 -- DIABLO -- RANGAP1
719,TNFRSF1A -- TNFRSF1B -- NFKB1 -- MAPK8 -- SIRT1 -- RB1 -- TNFAIP3 -- CCND1 -- TRAF1 -- MAPK14 -- RHOA -- RAC1 -- MAP2K7 -- MAP3K1 -- MAP3K14 -- TRADD -- TNFRSF10B -- ATM -- CASP2 -- MDM2 -- CHUK -- RPS6KA5 -- PPP1R13L -- MAPK9 -- LYN -- IRF1 -- EIF4G2 -- HTRA2 -- HIP1 -- CDK4 -- OTUD7B -- RNF11 -- CASP10 -- PSEN1 -- SOD1 -- RPA4 -- SMPD1 -- TNIK -- HTT -- PELP1 -- BAX -- BAK1 -- BID -- FOXM1 -- PCNA -- PLAC8 -- DIABLO -- APAF1
397,TNFRSF1A -- TNFRSF1B -- NFKB1 -- MAPK8 -- BIRC2 -- BIRC3 -- SIRT1 -- RB1 -- TNFAIP3 -- CCND1 -- TRAF1 -- MAPK14 -- RHOA -- RAC1 -- MAP2K7 -- MAP3K1 -- IGF1 -- TRADD -- TNFRSF10B -- ATM -- MDM2 -- CHUK -- PPP1R13L -- MAPK9 -- LYN -- IRF1 -- CYCS -- HIP1 -- CDK4 -- OTUD7B -- RNF11 -- CASP10 -- PSEN1 -- BAD -- SOD1 -- RPA4 -- SMPD1 -- TNIK -- PELP1 -- BAX -- BAK1 -- EIF4E -- BID -- FOXM1 -- PCNA -- PLAC8 -- DIABLO
60,TNFRSF1A -- TNFRSF1B -- MAPK8 -- STAT1 -- BIRC2 -- SIRT1 -- TNFAIP3 -- TRAF1 -- MAPK14 -- RHOA -- NR3C1 -- TGFB2 -- RAC1 -- MAP2K7 -- MAP3K1 -- VEGFA -- RET -- TRADD -- ATM -- CHUK -- RPS6KA5 -- PPP1R13L -- MAPK9 -- LYN -- IRF1 -- CYCS -- HIP1 -- RNF11 -- PSEN1 -- SOD1 -- HNRNPK -- SMPD1 -- TNIK -- BRCA1 -- CDKN2A -- EIF4E -- BID -- MCL1 -- PCNA -- TAF1 -- PLAC8 -- DIABLO -- RASSF1
478,TNFRSF1A -- TNFRSF1B -- MAPK8 -- STAT1 -- BIRC2 -- SIRT1 -- MYC -- TNFAIP3 -- TRAF1 -- MAPK14 -- RHOA -- NR3C1 -- RAC1 -- MAP2K7 -- MAP3K1 -- IGF1 -- VEGFA -- TRADD -- ATM -- MDM2 -- CHUK -- RPS6KA5 -- PPP1R13L -- MAPK9 -- LYN -- IRF1 -- CYCS -- HIP1 -- CDK4 -- OTUD7B -- RNF11 -- PSEN1 -- SOD1 -- RPA4 -- SMPD1 -- TNIK -- PELP1 -- EIF4E -- BID -- FOXM1 -- MCL1 -- PCNA -- TAF1 -- DIABLO
637,TNFRSF1A -- TNFRSF1B -- NFKB1 -- MAPK8 -- BIRC2 -- BIRC3 -- SIRT1 -- RB1 -- TNFAIP3 -- CCND1 -- TRAF1 -- MAPK14 -- RHOA -- RAC1 -- MAP2K7 -- MAP3K1 -- IGF1 -- TRADD -- TNFRSF10B -- ATM -- MDM2 -- CHUK -- RPS6KA5 -- PPP1R13L -- MAPK9 -- LYN -- IRF1 -- CYCS -- HIP1 -- CDK4 -- OTUD7B -- RNF11 -- CASP10 -- PSEN1 -- SOD1 -- RPA4 -- SMPD1 -- TNIK -- PELP1 -- BAX -- BAK1 -- EIF4E -- BID -- FOXM1 -- PCNA -- PLAC8 -- DIABLO
465,TNFRSF1A -- TNFRSF1B -- NFKB1 -- MAPK8 -- JUN -- SIRT1 -- RB1 -- TNFAIP3 -- CCND1 -- TRAF1 -- MAPK14 -- RHOA -- RAC1 -- MAP2K7 -- MAP3K1 -- MAP3K14 -- TRADD -- TNFRSF10B -- CASP2 -- MDM2 -- CHUK -- RPS6KA5 -- PPP1R13L -- MAPK9 -- IRF1 -- EIF4G2 -- HTRA2 -- MYB -- HIP1 -- CDK4 -- OTUD7B -- RNF11 -- CASP10 -- PSEN1 -- SOD1 -- RPA4 -- SMPD1 -- TNIK -- HTT -- PELP1 -- BAX -- BAK1 -- BID -- FOXM1 -- PCNA -- PLAC8 -- CASP9 -- DIABLO -- APAF1
813,MAPK8 -- BIRC2 -- SIRT1 -- CCND1 -- TRAF1 -- MAPK14 -- RAC1 -- MAP2K7 -- MAP3K1 -- IGF1 -- VEGFA -- MAPK1 -- AKT1 -- ATM -- MDM2 -- CHUK -- RPS6KA5 -- PPP1R13L -- MAPK9 -- LYN -- IRF1 -- CYCS -- HIP1 -- CDK4 -- OTUD7B -- PARP1 -- PSEN1 -- RPA4 -- SMPD1 -- BBC3 -- PELP1 -- BAK1 -- EIF4E -- BID -- FOXM1 -- PCNA -- TAF1 -- PLAC8 -- DIABLO
803,TNFRSF1A -- TNFRSF1B -- MAPK8 -- JUN -- FOS -- SIRT1 -- RB1 -- TNFAIP3 -- CCND1 -- TRAF1 -- MAPK14 -- PTMA -- RHOA -- RAC1 -- MAP2K7 -- MAP3K1 -- MAP3K14 -- TRADD -- CASP2 -- MDM2 -- CHUK -- PPP1R13L -- MAPK9 -- IRF1 -- EIF4G2 -- HTRA2 -- CDK4 -- OTUD7B -- RNF11 -- PSEN1 -- SOD1 -- RPA4 -- CASP7 -- SMPD1 -- TNIK -- HTT -- PELP1 -- BAX -- BAK1 -- BID -- FOXM1 -- PCNA -- TAF1 -- PLAC8 -- DIABLO -- APAF1
338,TNFRSF1A -- TNFRSF1B -- MAPK8 -- SIRT1 -- FASLG -- MYC -- RB1 -- TNFAIP3 -- CCND1 -- MAPK14 -- PTMA -- RHOA -- RAC1 -- MAP2K7 -- MAP3K1 -- IGF1 -- TRADD -- TNFRSF10B -- CASP2 -- MDM2 -- CHUK -- PPP1R13L -- MAPK9 -- LYN -- IRF1 -- EIF4G2 -- HTRA2 -- CDK4 -- OTUD7B -- CASP10 -- PSEN1 -- SOD1 -- HNRNPK -- RPA4 -- SMPD1 -- TNIK -- PELP1 -- BAX -- BAK1 -- BID -- FOXM1 -- PCNA -- TAF1 -- PLAC8 -- DIABLO -- RANGAP1
634,TNFRSF1A -- TNFRSF1B -- MAPK8 -- STAT1 -- JUN -- FOS -- BIRC2 -- BIRC3 -- SIRT1 -- TNFAIP3 -- TRAF1 -- MAPK14 -- RHOA -- NR3C1 -- TGFB2 -- RAC1 -- MAP2K7 -- MAP3K1 -- VEGFA -- RET -- TRADD -- ATM -- CHUK -- RPS6KA5 -- PPP1R13L -- MAPK9 -- LYN -- IRF1 -- MYB -- CYCS -- HIP1 -- RNF11 -- PSEN1 -- SOD1 -- HNRNPK -- SMPD1 -- TNIK -- BRCA1 -- CDKN2A -- BID -- MCL1 -- PCNA -- TAF1 -- PLAC8 -- DIABLO -- RASSF1
68,TNFRSF1A -- TNFRSF1B -- MAPK8 -- STAT1 -- BIRC2 -- BIRC3 -- SIRT1 -- RB1 -- TNFAIP3 -- TRAF1 -- MAPK14 -- RHOA -- NR3C1 -- RAC1 -- MAP2K7 -- MAP3K1 -- RET -- TRADD -- TNFRSF10B -- ATM -- CHUK -- RPS6KA5 -- PPP1R13L -- MAPK9 -- LYN -- IRF1 -- EIF4G2 -- HTRA2 -- CYCS -- HIP1 -- CDK4 -- RNF11 -- CASP10 -- PSEN1 -- SOD1 -- HNRNPK -- SMPD1 -- TNIK -- HTT -- BRCA1 -- BAK1 -- EIF4E -- BID -- FOXM1 -- PCNA -- PLAC8 -- DIABLO -- RASSF1
292,TNFRSF1A -- TNFRSF1B -- MAPK8 -- STAT1 -- JUN -- FOS -- SIRT1 -- TNFAIP3 -- TRAF1 -- MAPK14 -- RHOA -- NR3C1 -- TGFB2 -- RAC1 -- MAP2K7 -- MAP3K1 -- VEGFA -- MAP3K14 -- RET -- TRADD -- ATM -- CASP2 -- CHUK -- RPS6KA5 -- PPP1R13L -- MAPK9 -- IRF1 -- EIF4G2 -- HTRA2 -- MYB -- HIP1 -- RNF11 -- PSEN1 -- SOD1 -- HNRNPK -- SMPD1 -- TNIK -- HTT -- BRCA1 -- CDKN2A -- BAX -- BID -- MCL1 -- PCNA -- TAF1 -- PLAC8 -- CASP9 -- DIABLO -- APAF1 -- RASSF1
666,TNFRSF1A -- TNFRSF1B -- MAPK8 -- STAT1 -- JUN -- FOS -- BIRC2 -- BIRC3 -- SIRT1 -- TNFAIP3 -- TRAF1 -- MAPK14 -- RHOA -- NR3C1 -- TGFB2 -- RAC1 -- MAP2K7 -- MAP3K1 -- VEGFA -- RET -- TRADD -- ATM -- CHUK -- RPS6KA5 -- PPP1R13L -- MAPK9 -- IRF1 -- MYB -- CYCS -- HIP1 -- RNF11 -- PSEN1 -- SOD1 -- HNRNPK -- SMPD1 -- TNIK -- HTT -- BRCA1 -- CDKN2A -- BID -- MCL1 -- PCNA -- TAF1 -- PLAC8 -- DIABLO -- RASSF1
664,TNFRSF1A -- TNFRSF1B -- NFKB1 -- MAPK8 -- JUN -- FOS -- SIRT1 -- RB1 -- TNFAIP3 -- CCND1 -- TRAF1 -- MAPK14 -- RHOA -- RAC1 -- MAP2K7 -- MAP3K1 -- IGF1 -- MAP3K14 -- TRADD -- TNFRSF10B -- CASP2 -- MDM2 -- CHUK -- RPS6KA5 -- PPP1R13L -- MAPK9 -- IRF1 -- EIF4G2 -- HTRA2 -- MYB -- HIP1 -- CDK4 -- OTUD7B -- RNF11 -- CASP10 -- PSEN1 -- SOD1 -- RPA4 -- SMPD1 -- TNIK -- HTT -- PELP1 -- BAX -- BAK1 -- BID -- FOXM1 -- PCNA -- PLAC8 -- CASP9 -- DIABLO -- APAF1
395,TNFRSF1A -- TNFRSF1B -- NFKB1 -- MAPK8 -- SIRT1 -- RB1 -- TNFAIP3 -- CCND1 -- TRAF1 -- MAPK14 -- RHOA -- RAC1 -- MAP2K7 -- MAP3K1 -- IGF1 -- MAP3K14 -- TRADD -- TNFRSF10B -- ATM -- CASP2 -- MDM2 -- CHUK -- PPP1R13L -- MAPK9 -- LYN -- IRF1 -- EIF4G2 -- HTRA2 -- CDK4 -- OTUD7B -- RNF11 -- CASP10 -- PSEN1 -- SOD1 -- RPA4 -- SMPD1 -- TNIK -- HTT -- PELP1 -- BAX -- BAK1 -- EIF4E -- BID -- FOXM1 -- PCNA -- PLAC8 -- DIABLO -- APAF1
425,TNFRSF1A -- TNFRSF1B -- MAPK8 -- STAT1 -- JUN -- FOS -- SIRT1 -- TNFAIP3 -- TRAF1 -- MAPK14 -- RHOA -- NR3C1 -- TGFB2 -- RAC1 -- MAP2K7 -- MAP3K1 -- VEGFA -- MAP3K14 -- RET -- TRADD -- ATM -- CASP2 -- CHUK -- RPS6KA5 -- PPP1R13L -- MAPK9 -- IRF1 -- EIF4G2 -- HTRA2 -- MYB -- HIP1 -- RNF11 -- PSEN1 -- SOD1 -- HNRNPK -- CASP7 -- SMPD1 -- TNIK -- HTT -- BRCA1 -- CDKN2A -- BID -- MCL1 -- PCNA -- TAF1 -- PLAC8 -- CASP9 -- DIABLO -- APAF1 -- RASSF1
74,TNFRSF1A -- TNFRSF1B -- MAPK8 -- STAT1 -- JUN -- FOS -- BIRC2 -- BIRC3 -- SIRT1 -- TNFAIP3 -- TRAF1 -- MAPK14 -- RHOA -- NR3C1 -- TGFB2 -- RAC1 -- MAP2K7 -- MAP3K1 -- VEGFA -- MAP3K14 -- RET -- TRADD -- ATM -- CHUK -- RPS6KA5 -- PPP1R13L -- MAPK9 -- IRF1 -- EIF4G2 -- MYB -- CYCS -- HIP1 -- RNF11 -- PSEN1 -- SOD1 -- HNRNPK -- CASP7 -- SMPD1 -- TNIK -- HTT -- BRCA1 -- CDKN2A -- BID -- MCL1 -- PCNA -- TAF1 -- PLAC8 -- CASP9 -- DIABLO -- RASSF1
675,TNFRSF1A -- TNFRSF1B -- NFKB1 -- MAPK8 -- SIRT1 -- RB1 -- TNFAIP3 -- CCND1 -- TRAF1 -- MAPK14 -- RHOA -- RAC1 -- MAP2K7 -- MAP3K1 -- IGF1 -- TRADD -- TNFRSF10B -- ATM -- CASP2 -- MDM2 -- CHUK -- RPS6KA5 -- PPP1R13L -- MAPK9 -- IRF1 -- EIF4G2 -- HTRA2 -- HIP1 -- CDK4 -- OTUD7B -- RNF11 -- CASP10 -- PSEN1 -- SOD1 -- RPA4 -- SMPD1 -- TNIK -- HTT -- PELP1 -- BAX -- BAK1 -- BID -- FOXM1 -- PCNA -- PLAC8 -- CASP9 -- DIABLO
792,TNFRSF1A -- TNFRSF1B -- NFKB1 -- MAPK8 -- SIRT1 -- RB1 -- TNFAIP3 -- CCND1 -- TRAF1 -- MAPK14 -- RHOA -- RAC1 -- MAP2K7 -- MAP3K1 -- MAP3K14 -- TRADD -- TNFRSF10B -- ATM -- CASP2 -- MDM2 -- CHUK -- RPS6KA5 -- PPP1R13L -- MAPK9 -- IRF1 -- EIF4G2 -- HTRA2 -- HIP1 -- CDK4 -- OTUD7B -- RNF11 -- PSEN1 -- SOD1 -- RPA4 -- SMPD1 -- TNIK -- HTT -- PELP1 -- BAX -- BAK1 -- BID -- FOXM1 -- PCNA -- PLAC8 -- CASP9 -- DIABLO -- APAF1
594,TNFRSF1A -- TNFRSF1B -- MAPK8 -- STAT1 -- JUN -- FOS -- SIRT1 -- TNFAIP3 -- TRAF1 -- MAPK14 -- RHOA -- NR3C1 -- TGFB2 -- RAC1 -- MAP2K7 -- MAP3K1 -- VEGFA -- MAP3K14 -- RET -- TRADD -- ATM -- CASP2 -- CHUK -- RPS6KA5 -- PPP1R13L -- MAPK9 -- IRF1 -- EIF4G2 -- HTRA2 -- MYB -- HIP1 -- RNF11 -- PSEN1 -- SOD1 -- HNRNPK -- CASP7 -- SMPD1 -- TNIK -- HTT -- BRCA1 -- CDKN2A -- BAK1 -- BID -- MCL1 -- PCNA -- TAF1 -- PLAC8 -- CASP9 -- DIABLO -- APAF1 -- RASSF1
488,TNFRSF1A -- TNFRSF1B -- MAPK8 -- STAT1 -- JUN -- FOS -- BIRC2 -- BIRC3 -- SIRT1 -- TNFAIP3 -- TRAF1 -- MAPK14 -- RHOA -- NR3C1 -- TGFB2 -- RAC1 -- MAP2K7 -- MAP3K1 -- VEGFA -- MAP3K14 -- RET -- TRADD -- ATM -- CHUK -- RPS6KA5 -- PPP1R13L -- MAPK9 -- IRF1 -- EIF4G2 -- MYB -- CYCS -- HIP1 -- RNF11 -- PSEN1 -- SOD1 -- HNRNPK -- SMPD1 -- TNIK -- HTT -- BRCA1 -- CDKN2A -- BID -- MCL1 -- PCNA -- TAF1 -- PLAC8 -- CASP9 -- DIABLO -- RASSF1
79,TNFRSF1A -- TNFRSF1B -- MAPK8 -- STAT1 -- JUN -- FOS -- SIRT1 -- RB1 -- TNFAIP3 -- TRAF1 -- MAPK14 -- RHOA -- RAC1 -- MAP2K7 -- MAP3K1 -- VEGFA -- MAP3K14 -- TRADD -- ATM -- CASP2 -- CHUK -- RPS6KA5 -- PPP1R13L -- MAPK9 -- IRF1 -- EIF4G2 -- HTRA2 -- MYB -- HIP1 -- OTUD7B -- RNF11 -- PSEN1 -- SOD1 -- HNRNPK -- RPA4 -- SMPD1 -- TNIK -- HTT -- CDKN2A -- BAX -- BAK1 -- BID -- PCNA -- PLAC8 -- CASP9 -- DIABLO -- APAF1 -- RASSF1
273,TNFRSF1A -- TNFRSF1B -- MAPK8 -- STAT1 -- JUN -- FOS -- SIRT1 -- RB1 -- TNFAIP3 -- TRAF1 -- MAPK14 -- RHOA -- RAC1 -- MAP2K7 -- MAP3K1 -- MAP3K14 -- TRADD -- TNFRSF10B -- CASP2 -- MDM2 -- CHUK -- RPS6KA5 -- PPP1R13L -- MAPK9 -- IRF1 -- EIF4G2 -- HTRA2 -- MYB -- HIP1 -- CDK4 -- OTUD7B -- RNF11 -- CASP10 -- PSEN1 -- SOD1 -- RPA4 -- SMPD1 -- TNIK -- HTT -- CDKN2A -- PELP1 -- BAX -- BAK1 -- BID -- FOXM1 -- PCNA -- PLAC8 -- CASP9 -- DIABLO -- APAF1
302,TNFRSF1A -- TNFRSF1B -- NFKB1 -- MAPK8 -- STAT1 -- BIRC2 -- SIRT1 -- TNFAIP3 -- CCND1 -- TRAF1 -- MAPK14 -- RHOA -- RAC1 -- MAP2K7 -- MAP3K1 -- IGF1 -- VEGFA -- TRADD -- TNFRSF10B -- MDM2 -- CHUK -- RPS6KA5 -- PPP1R13L -- MAPK9 -- LYN -- IRF1 -- CYCS -- HIP1 -- CDK4 -- OTUD7B -- RNF11 -- PSEN1 -- SOD1 -- RPA4 -- SMPD1 -- TNIK -- PELP1 -- BAX -- BAK1 -- EIF4E -- BID -- FOXM1 -- TFDP1 -- PCNA -- TAF1 -- PLAC8 -- DIABLO
238,TNFRSF1A -- TNFRSF1B -- NFKB1 -- MAPK8 -- JUN -- SIRT1 -- RB1 -- TNFAIP3 -- TRAF1 -- MAPK14 -- RHOA -- RAC1 -- MAP2K7 -- MAP3K1 -- IGF1 -- MAP3K14 -- TRADD -- TNFRSF10B -- ATM -- CASP2 -- MDM2 -- CHUK -- RPS6KA5 -- PPP1R13L -- MAPK9 -- IRF1 -- EIF4G2 -- HTRA2 -- MYB -- HIP1 -- CDK4 -- OTUD7B -- RNF11 -- CASP10 -- PSEN1 -- SOD1 -- RPA4 -- SMPD1 -- TNIK -- HTT -- CDKN2A -- PELP1 -- BAX -- BAK1 -- BID -- FOXM1 -- PCNA -- PLAC8 -- CASP9 -- DIABLO -- APAF1
633,TNFRSF1A -- TNFRSF1B -- MAPK8 -- STAT1 -- BIRC2 -- BIRC3 -- SIRT1 -- MYC -- TNFAIP3 -- MAPK14 -- RHOA -- NR3C1 -- RAC1 -- MAP2K7 -- MAP3K1 -- VEGFA -- RET -- TRADD -- CHUK -- PPP1R13L -- MAPK9 -- LYN -- IRF1 -- CYCS -- CDK4 -- OTUD7B -- RNF11 -- PSEN1 -- SOD1 -- HNRNPK -- RPA4 -- SMPD1 -- TNIK -- EIF4E -- BID -- FOXM1 -- MCL1 -- PCNA -- TAF1 -- PLAC8 -- DIABLO -- RANGAP1
663,TNFRSF1A -- TNFRSF1B -- MAPK8 -- JUN -- SIRT1 -- RB1 -- TNFAIP3 -- CCND1 -- TRAF1 -- MAPK14 -- RHOA -- RAC1 -- MAP2K7 -- MAP3K1 -- IGF1 -- MAP3K14 -- TRADD -- TNFRSF10B -- ATM -- CASP2 -- MDM2 -- CHUK -- RPS6KA5 -- PPP1R13L -- MAPK9 -- IRF1 -- EIF4G2 -- HTRA2 -- MYB -- HIP1 -- OTUD7B -- RNF11 -- CASP10 -- PSEN1 -- SOD1 -- RPA4 -- SMPD1 -- TNIK -- HTT -- CDKN2A -- PELP1 -- BAX -- BAK1 -- BID -- FOXM1 -- PCNA -- PLAC8 -- CASP9 -- DIABLO -- APAF1
421,TNFRSF1A -- TNFRSF1B -- MAPK8 -- STAT1 -- BIRC2 -- BIRC3 -- SIRT1 -- MYC -- TNFAIP3 -- TRAF1 -- MAPK14 -- RHOA -- NR3C1 -- TGFB2 -- RAC1 -- MAP2K7 -- MAP3K1 -- VEGFA -- RET -- TRADD -- ATM -- CASP2 -- CHUK -- RPS6KA5 -- PPP1R13L -- MAPK9 -- LYN -- IRF1 -- EIF4G2 -- MYB -- CYCS -- HIP1 -- RNF11 -- PSEN1 -- SOD1 -- HNRNPK -- SMPD1 -- TNIK -- HTT -- BRCA1 -- CDKN2A -- BID -- MCL1 -- PCNA -- TAF1 -- PLAC8 -- DIABLO -- RASSF1
86,TNFRSF1A -- TNFRSF1B -- MAPK8 -- STAT1 -- JUN -- FOS -- BIRC2 -- BIRC3 -- SIRT1 -- TNFAIP3 -- TRAF1 -- MAPK14 -- RHOA -- NR3C1 -- TGFB2 -- RAC1 -- MAP2K7 -- MAP3K1 -- VEGFA -- MAP3K14 -- RET -- TRADD -- ATM -- CASP2 -- CHUK -- RPS6KA5 -- PPP1R13L -- MAPK9 -- IRF1 -- EIF4G2 -- MYB -- CYCS -- HIP1 -- RNF11 -- PSEN1 -- SOD1 -- HNRNPK -- SMPD1 -- TNIK -- HTT -- BRCA1 -- CDKN2A -- BID -- MCL1 -- PCNA -- TAF1 -- PLAC8 -- CASP9 -- DIABLO -- RASSF1
716,TNFRSF1A -- TNFRSF1B -- MAPK8 -- STAT1 -- JUN -- FOS -- BIRC3 -- SIRT1 -- TNFAIP3 -- TRAF1 -- MAPK14 -- RHOA -- NR3C1 -- TGFB2 -- RAC1 -- MAP2K7 -- MAP3K1 -- VEGFA -- MAP3K14 -- RET -- TRADD -- ATM -- CASP2 -- CHUK -- RPS6KA5 -- PPP1R13L -- MAPK9 -- IRF1 -- EIF4G2 -- MYB -- HIP1 -- RNF11 -- PSEN1 -- SOD1 -- HNRNPK -- SMPD1 -- TNIK -- HTT -- BRCA1 -- CDKN2A -- BID -- MCL1 -- PCNA -- TAF1 -- PLAC8 -- CASP9 -- DIABLO -- APAF1 -- RASSF1
454,TNFRSF1A -- TNFRSF1B -- MAPK8 -- STAT1 -- JUN -- FOS -- FASLG -- TNFAIP3 -- TRAF1 -- MAPK14 -- RHOA -- NR3C1 -- RAC1 -- MAP2K7 -- MAP3K1 -- VEGFA -- MAP3K14 -- RET -- TRADD -- TNFRSF10B -- ATM -- CASP2 -- CHUK -- RPS6KA5 -- PPP1R13L -- MAPK9 -- IRF1 -- EIF4G2 -- HTRA2 -- MYB -- CYCS -- HIP1 -- RNF11 -- CASP10 -- PSEN1 -- SOD1 -- HNRNPK -- SMPD1 -- TNIK -- HTT -- BRCA1 -- CDKN2A -- BAK1 -- BID -- MCL1 -- PCNA -- PLAC8 -- CASP9 -- DIABLO -- APAF1 -- RASSF1
554,TNFRSF1A -- TNFRSF1B -- MAPK8 -- STAT1 -- BIRC2 -- SIRT1 -- MYC -- TNFAIP3 -- MAPK14 -- PTMA -- RHOA -- RAC1 -- MAP2K7 -- MAP3K1 -- VEGFA -- RET -- TRADD -- CHUK -- PPP1R13L -- MAPK9 -- LYN -- IRF1 -- CYCS -- CDK4 -- OTUD7B -- RNF11 -- PSEN1 -- BAD -- SOD1 -- HNRNPK -- RPA4 -- SMPD1 -- TNIK -- BRCA1 -- EIF4E -- BID -- FOXM1 -- TFDP1 -- MCL1 -- PCNA -- TAF1 -- DIABLO -- RASSF1 -- RANGAP1
805,TNFRSF1A -- TNFRSF1B -- MAPK8 -- STAT1 -- BIRC2 -- SIRT1 -- MYC -- TNFAIP3 -- MAPK14 -- PTMA -- RHOA -- TGFB2 -- RAC1 -- MAP2K7 -- MAP3K1 -- VEGFA -- RET -- TRADD -- CHUK -- RPS6KA5 -- PPP1R13L -- MAPK9 -- LYN -- IRF1 -- CYCS -- HIP1 -- CDK4 -- RNF11 -- PSEN1 -- SOD1 -- HNRNPK -- SMPD1 -- TNIK -- BRCA1 -- EIF4E -- BID -- MCL1 -- PCNA -- TAF1 -- DIABLO -- RASSF1 -- RANGAP1
331,TNFRSF1A -- TNFRSF1B -- MAPK8 -- JUN -- FOS -- SIRT1 -- RB1 -- TNFAIP3 -- CCND1 -- MAPK14 -- PTMA -- RHOA -- RAC1 -- MAP2K7 -- MAP3K1 -- IGF1 -- MAP3K14 -- TRADD -- CASP2 -- MDM2 -- CHUK -- PPP1R13L -- MAPK9 -- IRF1 -- EIF4G2 -- MYB -- CYCS -- CDK4 -- OTUD7B -- RNF11 -- PSEN1 -- BAD -- SOD1 -- RPA4 -- SMPD1 -- TNIK -- HTT -- PELP1 -- BID -- FOXM1 -- MCL1 -- PCNA -- TAF1 -- DIABLO -- APAF1 -- RANGAP1
541,TNFRSF1A -- TNFRSF1B -- MAPK8 -- BIRC2 -- SIRT1 -- MYC -- TNFAIP3 -- CCND1 -- MAPK14 -- PTMA -- RHOA -- RAC1 -- MAP2K7 -- MAP3K1 -- IGF1 -- VEGFA -- TRADD -- MDM2 -- CHUK -- PPP1R13L -- MAPK9 -- LYN -- IRF1 -- HTRA2 -- CYCS -- CDK4 -- OTUD7B -- RNF11 -- PSEN1 -- SOD1 -- HNRNPK -- RPA4 -- SMPD1 -- TNIK -- PELP1 -- EIF4E -- BID -- FOXM1 -- MCL1 -- PCNA -- TAF1 -- DIABLO -- RANGAP1
256,TNFRSF1A -- TNFRSF1B -- MAPK8 -- JUN -- FOS -- SIRT1 -- RB1 -- TNFAIP3 -- CCND1 -- TRAF1 -- MAPK14 -- RHOA -- RAC1 -- MAP2K7 -- MAP3K1 -- MAP3K14 -- RET -- TRADD -- ATM -- CASP2 -- CHUK -- RPS6KA5 -- PPP1R13L -- MAPK9 -- IRF1 -- EIF4G2 -- HTRA2 -- MYB -- HIP1 -- RNF11 -- PSEN1 -- SOD1 -- HNRNPK -- SMPD1 -- TNIK -- HTT -- BRCA1 -- CDKN2A -- PELP1 -- BAX -- BAK1 -- BID -- PCNA -- PLAC8 -- CASP9 -- DIABLO -- APAF1
410,TNFRSF1A -- TNFRSF1B -- MAPK8 -- STAT1 -- JUN -- FOS -- SIRT1 -- TNFAIP3 -- TRAF1 -- MAPK14 -- RHOA -- TGFB2 -- RAC1 -- MAP2K7 -- MAP3K1 -- VEGFA -- MAP3K14 -- RET -- TRADD -- ATM -- CASP2 -- CHUK -- RPS6KA5 -- PPP1R13L -- MAPK9 -- IRF1 -- EIF4G2 -- HTRA2 -- MYB -- HIP1 -- RNF11 -- CASP10 -- PSEN1 -- SOD1 -- HNRNPK -- RPA4 -- SMPD1 -- TNIK -- HTT -- BRCA1 -- CDKN2A -- BID -- MCL1 -- PCNA -- PLAC8 -- CASP9 -- DIABLO -- APAF1 -- RASSF1
758,TNFRSF1A -- TNFRSF1B -- MAPK8 -- STAT1 -- BIRC2 -- BIRC3 -- SIRT1 -- MYC -- TNFAIP3 -- TRAF1 -- MAPK14 -- RHOA -- NR3C1 -- RAC1 -- MAP2K7 -- MAP3K1 -- VEGFA -- RET -- TRADD -- MDM2 -- CHUK -- RPS6KA5 -- PPP1R13L -- MAPK9 -- LYN -- IRF1 -- MYB -- CYCS -- CDK4 -- RNF11 -- PSEN1 -- SOD1 -- SMPD1 -- TNIK -- BRCA1 -- PELP1 -- EIF4E -- BID -- MCL1 -- PCNA -- TAF1 -- DIABLO
573,TNFRSF1A -- TNFRSF1B -- NFKB1 -- MAPK8 -- SIRT1 -- RB1 -- TNFAIP3 -- CCND1 -- TRAF1 -- MAPK14 -- RHOA -- RAC1 -- MAP2K7 -- MAP3K1 -- IGF1 -- MAP3K14 -- TRADD -- TNFRSF10B -- CASP2 -- MDM2 -- CHUK -- RPS6KA5 -- PPP1R13L -- MAPK9 -- LYN -- IRF1 -- EIF4G2 -- HTRA2 -- HIP1 -- CDK4 -- OTUD7B -- RNF11 -- CASP10 -- PSEN1 -- SOD1 -- RPA4 -- SMPD1 -- TNIK -- HTT -- PELP1 -- BAX -- BAK1 -- BID -- FOXM1 -- PCNA -- PLAC8 -- CASP9 -- DIABLO -- APAF1
97,TNFRSF1A -- TNFRSF1B -- NFKB1 -- MAPK8 -- SIRT1 -- RB1 -- TNFAIP3 -- CCND1 -- TRAF1 -- MAPK14 -- RHOA -- RAC1 -- MAP2K7 -- MAP3K1 -- MAP3K14 -- TRADD -- TNFRSF10B -- CASP2 -- MDM2 -- CHUK -- RPS6KA5 -- PPP1R13L -- MAPK9 -- LYN -- IRF1 -- EIF4G2 -- HTRA2 -- CDK4 -- OTUD7B -- RNF11 -- CASP10 -- PSEN1 -- SOD1 -- RPA4 -- SMPD1 -- TNIK -- HTT -- PELP1 -- BAX -- BAK1 -- BID -- FOXM1 -- PCNA -- DIABLO -- APAF1 -- RANGAP1
308,TNFRSF1A -- TNFRSF1B -- NFKB1 -- MAPK8 -- BIRC2 -- BIRC3 -- SIRT1 -- MYC -- TNFAIP3 -- CCND1 -- MAPK14 -- RHOA -- RAC1 -- MAP2K7 -- MAP3K1 -- RET -- TRADD -- TNFRSF10B -- MDM2 -- CHUK -- RPS6KA5 -- PPP1R13L -- MAPK9 -- LYN -- IRF1 -- CYCS -- HIP1 -- RNF11 -- PSEN1 -- SOD1 -- SMPD1 -- TNIK -- BRCA1 -- EIF4E -- BID -- MCL1 -- PCNA -- TAF1 -- DIABLO -- RANGAP1
814,MAPK8 -- STAT1 -- BIRC2 -- SIRT1 -- TRAF1 -- MAPK14 -- RAC1 -- MAP2K7 -- MAP3K1 -- IGF1 -- VEGFA -- MAP3K14 -- RET -- TRADD -- AKT1 -- E2F1 -- CHUK -- RPS6KA5 -- PPP1R13L -- MAPK9 -- LYN -- IRF1 -- EIF4G2 -- MYB -- CYCS -- HIP1 -- CDK4 -- OTUD7B -- CASP10 -- PSEN1 -- RPA4 -- SMPD1 -- TNIK -- HTT -- BBC3 -- PELP1 -- BAK1 -- BID -- FOXM1 -- CTBP1 -- RBL1 -- PCNA -- TAF1 -- PLAC8 -- DIABLO -- APAF1
282,TNFRSF1A -- TNFRSF1B -- MAPK8 -- SIRT1 -- MYC -- RB1 -- TNFAIP3 -- CCND1 -- MAPK14 -- PTMA -- RHOA -- TGFB2 -- RAC1 -- MAP2K7 -- MAP3K1 -- IGF1 -- TRADD -- CASP2 -- MDM2 -- CHUK -- PPP1R13L -- MAPK9 -- LYN -- IRF1 -- HTRA2 -- CDK4 -- OTUD7B -- RNF11 -- PSEN1 -- SOD1 -- RPA4 -- SMPD1 -- TNIK -- PELP1 -- BAX -- BAK1 -- EIF4E -- BID -- FOXM1 -- PCNA -- DIABLO -- APAF1 -- RANGAP1
456,TNFRSF1A -- TNFRSF1B -- NFKB1 -- MAPK8 -- BIRC2 -- BIRC3 -- SIRT1 -- MYC -- RB1 -- TNFAIP3 -- CCND1 -- MAPK14 -- PTMA -- RHOA -- TGFB2 -- RAC1 -- MAP2K7 -- MAP3K1 -- TRADD -- TNFRSF10B -- MDM2 -- CHUK -- PPP1R13L -- MAPK9 -- LYN -- IRF1 -- CYCS -- CDK4 -- OTUD7B -- RNF11 -- PSEN1 -- BAD -- SOD1 -- RPA4 -- SMPD1 -- TNIK -- PELP1 -- EIF4E -- BID -- FOXM1 -- MCL1 -- PCNA -- TAF1 -- DIABLO -- RANGAP1
745,TNFRSF1A -- TNFRSF1B -- NFKB1 -- MAPK8 -- STAT1 -- BIRC2 -- BIRC3 -- SIRT1 -- MYC -- TNFAIP3 -- CCND1 -- MAPK14 -- PTMA -- RHOA -- RAC1 -- MAP2K7 -- MAP3K1 -- TRADD -- MDM2 -- CHUK -- PPP1R13L -- MAPK9 -- LYN -- IRF1 -- CYCS -- CDK4 -- OTUD7B -- RNF11 -- PSEN1 -- SOD1 -- HNRNPK -- RPA4 -- SMPD1 -- TNIK -- PELP1 -- BAX -- BAK1 -- EIF4E -- BID -- FOXM1 -- PCNA -- TAF1 -- DIABLO -- RANGAP1
103,TNFRSF1A -- TNFRSF1B -- MAPK8 -- STAT1 -- JUN -- FOS -- SIRT1 -- TNFAIP3 -- TRAF1 -- MAPK14 -- RHOA -- NR3C1 -- TGFB2 -- RAC1 -- MAP2K7 -- MAP3K1 -- VEGFA -- MAP3K14 -- RET -- TRADD -- ATM -- CASP2 -- CHUK -- RPS6KA5 -- PPP1R13L -- MAPK9 -- IRF1 -- EIF4G2 -- MYB -- CYCS -- HIP1 -- RNF11 -- PSEN1 -- SOD1 -- HNRNPK -- CASP7 -- SMPD1 -- TNIK -- HTT -- BRCA1 -- CDKN2A -- BID -- MCL1 -- PCNA -- TAF1 -- PLAC8 -- CASP9 -- DIABLO -- APAF1 -- RASSF1
778,TNFRSF1A -- TNFRSF1B -- MAPK8 -- STAT1 -- JUN -- FOS -- SIRT1 -- TNFAIP3 -- TRAF1 -- MAPK14 -- RHOA -- NR3C1 -- TGFB2 -- RAC1 -- MAP2K7 -- MAP3K1 -- VEGFA -- MAP3K14 -- RET -- TRADD -- ATM -- CASP2 -- CHUK -- RPS6KA5 -- PPP1R13L -- MAPK9 -- IRF1 -- EIF4G2 -- HTRA2 -- MYB -- HIP1 -- RNF11 -- PSEN1 -- SOD1 -- HNRNPK -- CASP7 -- SMPD1 -- TNIK -- HTT -- BRCA1 -- CDKN2A -- BID -- MCL1 -- PCNA -- TAF1 -- PLAC8 -- CASP9 -- DIABLO -- APAF1 -- RASSF1
653,TNFRSF1A -- TNFRSF1B -- MAPK8 -- STAT1 -- BIRC2 -- BIRC3 -- SIRT1 -- TNFAIP3 -- TRAF1 -- MAPK14 -- RHOA -- NR3C1 -- TGFB2 -- RAC1 -- MAP2K7 -- MAP3K1 -- VEGFA -- RET -- TRADD -- CHUK -- RPS6KA5 -- PPP1R13L -- MAPK9 -- LYN -- IRF1 -- MYB -- CYCS -- HIP1 -- CDK4 -- OTUD7B -- RNF11 -- PSEN1 -- SOD1 -- HNRNPK -- SMPD1 -- TNIK -- EIF4E -- BID -- FOXM1 -- TFDP1 -- MCL1 -- PCNA -- TAF1 -- PLAC8 -- DIABLO -- RASSF1
770,TNFRSF1A -- TNFRSF1B -- MAPK8 -- STAT1 -- JUN -- FOS -- BIRC2 -- BIRC3 -- SIRT1 -- TNFAIP3 -- TRAF1 -- MAPK14 -- RHOA -- TGFB2 -- RAC1 -- MAP2K7 -- MAP3K1 -- RET -- TRADD -- ATM -- CHUK -- RPS6KA5 -- PPP1R13L -- MAPK9 -- IRF1 -- EIF4G2 -- MYB -- CYCS -- HIP1 -- CDK4 -- OTUD7B -- RNF11 -- PSEN1 -- BAD -- SOD1 -- HNRNPK -- RPA4 -- CASP7 -- SMPD1 -- TNIK -- CDKN2A -- PELP1 -- BID -- FOXM1 -- MCL1 -- PCNA -- TAF1 -- PLAC8 -- DIABLO -- APAF1
107,TNFRSF1A -- TNFRSF1B -- NFKB1 -- MAPK8 -- JUN -- FOS -- SIRT1 -- RB1 -- TNFAIP3 -- CCND1 -- TRAF1 -- MAPK14 -- RHOA -- RAC1 -- MAP2K7 -- MAP3K1 -- MAP3K14 -- TRADD -- TNFRSF10B -- CASP2 -- CHUK -- RPS6KA5 -- PPP1R13L -- MAPK9 -- IRF1 -- HTRA2 -- HIP1 -- OTUD7B -- RNF11 -- CASP10 -- PSEN1 -- SOD1 -- RPA4 -- SMPD1 -- TNIK -- HTT -- CDKN2A -- PELP1 -- BAX -- BAK1 -- EIF4E -- BID -- FOXM1 -- PCNA -- PLAC8 -- CASP9 -- DIABLO -- APAF1
810,TNFRSF1A -- TNFRSF1B -- MAPK8 -- JUN -- FOS -- SIRT1 -- TNFAIP3 -- TRAF1 -- MAPK14 -- RHOA -- NR3C1 -- TGFB2 -- RAC1 -- MAP2K7 -- MAP3K1 -- VEGFA -- MAP3K14 -- RET -- TRADD -- ATM -- CASP2 -- CHUK -- RPS6KA5 -- PPP1R13L -- MAPK9 -- IRF1 -- EIF4G2 -- HTRA2 -- MYB -- HIP1 -- RNF11 -- PSEN1 -- SOD1 -- HNRNPK -- CASP7 -- SMPD1 -- TNIK -- HTT -- CDKN2A -- BID -- FOXM1 -- MCL1 -- PCNA -- PLAC8 -- CASP9 -- DIABLO -- APAF1
672,MAPK8 -- STAT1 -- BIRC2 -- SIRT1 -- MAPK14 -- NR3C1 -- RAC1 -- MAP2K7 -- MAP3K1 -- VEGFA -- RET -- TRADD -- AKT1 -- ATM -- NFKB2 -- E2F1 -- CHUK -- RPS6KA5 -- PPP1R13L -- MAPK9 -- LYN -- IRF1 -- CYCS -- HIP1 -- OTUD7B -- PSEN1 -- SMPD1 -- TNIK -- RBL2 -- BBC3 -- BID -- TFDP1 -- RBL1 -- PCNA -- TAF1 -- PLAC8 -- DIABLO -- RASSF1
329,TNFRSF1A -- TNFRSF1B -- NFKB1 -- MAPK8 -- STAT1 -- BIRC2 -- SIRT1 -- MYC -- TNFAIP3 -- CCND1 -- MAPK14 -- RHOA -- RAC1 -- MAP2K7 -- MAP3K1 -- IGF1 -- VEGFA -- TRADD -- MDM2 -- CHUK -- PPP1R13L -- MAPK9 -- LYN -- IRF1 -- HTRA2 -- CDK4 -- OTUD7B -- RNF11 -- PSEN1 -- SOD1 -- HNRNPK -- RPA4 -- SMPD1 -- TNIK -- PELP1 -- BAX -- BAK1 -- EIF4E -- BID -- FOXM1 -- TFDP1 -- PCNA -- TAF1 -- DIABLO -- RANGAP1
561,TNFRSF1A -- TNFRSF1B -- MAPK8 -- STAT1 -- JUN -- FOS -- BIRC2 -- BIRC3 -- SIRT1 -- TNFAIP3 -- TRAF1 -- MAPK14 -- RHOA -- NR3C1 -- TGFB2 -- RAC1 -- MAP2K7 -- MAP3K1 -- VEGFA -- MAP3K14 -- RET -- TRADD -- ATM -- CASP2 -- CHUK -- RPS6KA5 -- PPP1R13L -- MAPK9 -- LYN -- IRF1 -- EIF4G2 -- MYB -- CYCS -- HIP1 -- RNF11 -- PSEN1 -- SOD1 -- HNRNPK -- SMPD1 -- TNIK -- HTT -- BRCA1 -- CDKN2A -- BID -- MCL1 -- PCNA -- TAF1 -- PLAC8 -- DIABLO -- APAF1 -- RASSF1
668,TNFRSF1A -- TNFRSF1B -- MAPK8 -- STAT1 -- JUN -- FOS -- BIRC2 -- BIRC3 -- SIRT1 -- TNFAIP3 -- TRAF1 -- MAPK14 -- RHOA -- NR3C1 -- TGFB2 -- RAC1 -- MAP2K7 -- MAP3K1 -- VEGFA -- MAP3K14 -- RET -- TRADD -- ATM -- CHUK -- RPS6KA5 -- PPP1R13L -- MAPK9 -- IRF1 -- EIF4G2 -- MYB -- CYCS -- HIP1 -- RNF11 -- PSEN1 -- SOD1 -- HNRNPK -- SMPD1 -- TNIK -- HTT -- BRCA1 -- CDKN2A -- BID -- MCL1 -- PCNA -- TAF1 -- PLAC8 -- DIABLO -- RASSF1
113,TNFRSF1A -- TNFRSF1B -- NFKB1 -- MAPK8 -- STAT1 -- JUN -- FOS -- SIRT1 -- TNFAIP3 -- TRAF1 -- MAPK14 -- RHOA -- TGFB2 -- RAC1 -- MAP2K7 -- MAP3K1 -- VEGFA -- MAP3K14 -- RET -- TRADD -- TNFRSF10B -- ATM -- CASP2 -- CHUK -- RPS6KA5 -- PPP1R13L -- MAPK9 -- IRF1 -- EIF4G2 -- HTRA2 -- MYB -- HIP1 -- OTUD7B -- RNF11 -- CASP10 -- PSEN1 -- SOD1 -- HNRNPK -- RPA4 -- SMPD1 -- TNIK -- HTT -- CDKN2A -- PELP1 -- BAX -- BAK1 -- BID -- FOXM1 -- MCL1 -- PCNA -- TAF1 -- PLAC8 -- CASP9 -- DIABLO -- APAF1
114,TNFRSF1A -- TNFRSF1B -- NFKB1 -- MAPK8 -- SIRT1 -- RB1 -- TNFAIP3 -- CCND1 -- MAPK14 -- PTMA -- RHOA -- RAC1 -- MAP2K7 -- MAP3K1 -- TRADD -- ATM -- CASP2 -- MDM2 -- CHUK -- RPS6KA5 -- PPP1R13L -- MAPK9 -- LYN -- IRF1 -- EIF4G2 -- HTRA2 -- HIP1 -- CDK4 -- OTUD7B -- RNF11 -- PSEN1 -- SOD1 -- RPA4 -- SMPD1 -- TNIK -- PELP1 -- BAX -- BAK1 -- BID -- FOXM1 -- PCNA -- PLAC8 -- DIABLO
602,TNFRSF1A -- TNFRSF1B -- NFKB1 -- MAPK8 -- STAT1 -- BIRC2 -- SIRT1 -- RB1 -- TNFAIP3 -- CCND1 -- TRAF1 -- MAPK14 -- RHOA -- RAC1 -- MAP2K7 -- MAP3K1 -- IGF1 -- TRADD -- ATM -- MDM2 -- CHUK -- RPS6KA5 -- PPP1R13L -- MAPK9 -- LYN -- IRF1 -- CYCS -- HIP1 -- CDK4 -- OTUD7B -- RNF11 -- PSEN1 -- RPA4 -- SMPD1 -- TNIK -- PELP1 -- EIF4E -- BID -- FOXM1 -- MCL1 -- PCNA -- PLAC8 -- DIABLO -- RANGAP1
298,TNFRSF1A -- TNFRSF1B -- MAPK8 -- JUN -- FOS -- SIRT1 -- TNFAIP3 -- MAPK14 -- PTMA -- RHOA -- NR3C1 -- TGFB2 -- RAC1 -- MAP2K7 -- MAP3K1 -- MAP3K14 -- TRADD -- ATM -- CASP2 -- MDM2 -- CHUK -- RPS6KA5 -- PPP1R13L -- MAPK9 -- IRF1 -- EIF4G2 -- HTRA2 -- MYB -- HIP1 -- RNF11 -- PSEN1 -- SOD1 -- CASP7 -- SMPD1 -- TNIK -- HTT -- CDKN2A -- BAX -- BAK1 -- BID -- FOXM1 -- PCNA -- TAF1 -- PLAC8 -- DIABLO -- APAF1 -- RANGAP1
117,TNFRSF1A -- TNFRSF1B -- MAPK8 -- STAT1 -- JUN -- FOS -- BIRC3 -- SIRT1 -- RB1 -- TNFAIP3 -- TRAF1 -- MAPK14 -- RHOA -- RAC1 -- MAP2K7 -- MAP3K1 -- RET -- TRADD -- ATM -- CASP2 -- CHUK -- PPP1R13L -- MAPK9 -- IRF1 -- EIF4G2 -- MYB -- HIP1 -- RNF11 -- CASP10 -- PSEN1 -- SOD1 -- HNRNPK -- RPA4 -- SMPD1 -- TNIK -- HTT -- CDKN2A -- PELP1 -- BAX -- BID -- PCNA -- PLAC8 -- DIABLO
118,TNFRSF1A -- TNFRSF1B -- MAPK8 -- STAT1 -- BIRC2 -- SIRT1 -- MYC -- TNFAIP3 -- MAPK14 -- PTMA -- RHOA -- RAC1 -- MAP2K7 -- MAP3K1 -- IGF1 -- VEGFA -- RET -- TRADD -- CHUK -- PPP1R13L -- MAPK9 -- LYN -- IRF1 -- EIF4G2 -- CYCS -- CDK4 -- OTUD7B -- RNF11 -- PSEN1 -- BAD -- SOD1 -- HNRNPK -- RPA4 -- SMPD1 -- TNIK -- PELP1 -- BID -- FOXM1 -- MCL1 -- PCNA -- TAF1 -- DIABLO -- RASSF1 -- RANGAP1
553,TNFRSF1A -- TNFRSF1B -- NFKB1 -- MAPK8 -- SIRT1 -- RB1 -- TNFAIP3 -- CCND1 -- TRAF1 -- MAPK14 -- PTMA -- RHOA -- RAC1 -- MAP2K7 -- MAP3K1 -- TRADD -- TNFRSF10B -- MDM2 -- CHUK -- RPS6KA5 -- PPP1R13L -- MAPK9 -- LYN -- IRF1 -- EIF4G2 -- HTRA2 -- CYCS -- HIP1 -- CDK4 -- OTUD7B -- RNF11 -- CASP10 -- PSEN1 -- BAD -- SOD1 -- RPA4 -- SMPD1 -- TNIK -- PELP1 -- BAX -- BAK1 -- EIF4E -- BID -- FOXM1 -- PCNA -- TAF1 -- PLAC8 -- DIABLO
294,TNFRSF1A -- TNFRSF1B -- NFKB1 -- MAPK8 -- SIRT1 -- RB1 -- TNFAIP3 -- CCND1 -- TRAF1 -- MAPK14 -- RHOA -- RAC1 -- MAP2K7 -- MAP3K1 -- MAP3K14 -- TRADD -- TNFRSF10B -- CASP2 -- MDM2 -- CHUK -- RPS6KA5 -- PPP1R13L -- MAPK9 -- IRF1 -- EIF4G2 -- HTRA2 -- HIP1 -- CDK4 -- OTUD7B -- RNF11 -- CASP10 -- PSEN1 -- SOD1 -- RPA4 -- SMPD1 -- TNIK -- HTT -- PELP1 -- BAX -- BAK1 -- BID -- FOXM1 -- PCNA -- PLAC8 -- CASP9 -- DIABLO -- APAF1
121,TNFRSF1A -- TNFRSF1B -- MAPK8 -- STAT1 -- JUN -- FOS -- BIRC2 -- BIRC3 -- SIRT1 -- TNFAIP3 -- TRAF1 -- MAPK14 -- RHOA -- NR3C1 -- TGFB2 -- RAC1 -- MAP2K7 -- MAP3K1 -- VEGFA -- RET -- TRADD -- ATM -- CHUK -- RPS6KA5 -- PPP1R13L -- MAPK9 -- IRF1 -- MYB -- CYCS -- HIP1 -- RNF11 -- PSEN1 -- SOD1 -- HNRNPK -- SMPD1 -- TNIK -- BRCA1 -- CDKN2A -- BID -- MCL1 -- PCNA -- TAF1 -- PLAC8 -- DIABLO -- APAF1 -- RASSF1
122,TNFRSF1A -- TNFRSF1B -- MAPK8 -- STAT1 -- JUN -- FOS -- SIRT1 -- TNFAIP3 -- TRAF1 -- MAPK14 -- RHOA -- NR3C1 -- TGFB2 -- RAC1 -- MAP2K7 -- MAP3K1 -- VEGFA -- MAP3K14 -- RET -- TRADD -- ATM -- CASP2 -- CHUK -- RPS6KA5 -- PPP1R13L -- MAPK9 -- IRF1 -- EIF4G2 -- HTRA2 -- MYB -- HIP1 -- RNF11 -- PSEN1 -- SOD1 -- HNRNPK -- CASP7 -- SMPD1 -- TNIK -- HTT -- BRCA1 -- CDKN2A -- BID -- MCL1 -- PCNA -- TAF1 -- PLAC8 -- CASP9 -- DIABLO -- APAF1 -- RASSF1
123,TNFRSF1A -- TNFRSF1B -- NFKB1 -- MAPK8 -- BIRC2 -- BIRC3 -- SIRT1 -- MYC -- TNFAIP3 -- CCND1 -- MAPK14 -- PTMA -- RHOA -- RAC1 -- MAP2K7 -- MAP3K1 -- IGF1 -- TRADD -- TNFRSF10B -- ATM -- MDM2 -- CHUK -- PPP1R13L -- MAPK9 -- LYN -- IRF1 -- CYCS -- CDK4 -- OTUD7B -- RNF11 -- PSEN1 -- BAD -- SOD1 -- RPA4 -- SMPD1 -- TNIK -- PELP1 -- BAX -- EIF4E -- BID -- FOXM1 -- PCNA -- TAF1 -- DIABLO -- RANGAP1
124,TNFRSF1A -- TNFRSF1B -- MAPK8 -- STAT1 -- JUN -- FOS -- SIRT1 -- RB1 -- TNFAIP3 -- TRAF1 -- MAPK14 -- RHOA -- NR3C1 -- RAC1 -- MAP2K7 -- MAP3K1 -- VEGFA -- MAP3K14 -- RET -- TRADD -- ATM -- CASP2 -- CHUK -- RPS6KA5 -- PPP1R13L -- MAPK9 -- IRF1 -- EIF4G2 -- HTRA2 -- MYB -- HIP1 -- RNF11 -- PSEN1 -- SOD1 -- HNRNPK -- SMPD1 -- TNIK -- HTT -- BRCA1 -- CDKN2A -- BAK1 -- BID -- PCNA -- PLAC8 -- CASP9 -- DIABLO -- APAF1
271,TNFRSF1A -- TNFRSF1B -- MAPK8 -- JUN -- FOS -- SIRT1 -- TNFAIP3 -- TRAF1 -- MAPK14 -- RHOA -- RAC1 -- MAP2K7 -- MAP3K1 -- VEGFA -- MAP3K14 -- RET -- TRADD -- TNFRSF10B -- ATM -- CASP2 -- CHUK -- RPS6KA5 -- PPP1R13L -- MAPK9 -- IRF1 -- EIF4G2 -- HTRA2 -- MYB -- HIP1 -- OTUD7B -- RNF11 -- CASP10 -- PSEN1 -- SOD1 -- HNRNPK -- RPA4 -- SMPD1 -- TNIK -- HTT -- BRCA1 -- CDKN2A -- BAX -- BAK1 -- BID -- PCNA -- PLAC8 -- CASP9 -- DIABLO -- APAF1 -- RASSF1
472,TNFRSF1A -- TNFRSF1B -- MAPK8 -- STAT1 -- JUN -- FOS -- BIRC2 -- BIRC3 -- SIRT1 -- TNFAIP3 -- TRAF1 -- MAPK14 -- RHOA -- NR3C1 -- TGFB2 -- RAC1 -- MAP2K7 -- MAP3K1 -- VEGFA -- RET -- TRADD -- ATM -- CASP2 -- CHUK -- RPS6KA5 -- PPP1R13L -- MAPK9 -- LYN -- IRF1 -- EIF4G2 -- MYB -- HIP1 -- RNF11 -- PSEN1 -- SOD1 -- HNRNPK -- SMPD1 -- TNIK -- HTT -- BRCA1 -- CDKN2A -- BID -- MCL1 -- PCNA -- TAF1 -- PLAC8 -- DIABLO -- RASSF1
806,TNFRSF1A -- TNFRSF1B -- NFKB1 -- MAPK8 -- BIRC2 -- BIRC3 -- SIRT1 -- RB1 -- TNFAIP3 -- CCND1 -- TRAF1 -- MAPK14 -- RHOA -- RAC1 -- MAP2K7 -- MAP3K1 -- IGF1 -- TRADD -- TNFRSF10B -- ATM -- MDM2 -- CHUK -- RPS6KA5 -- PPP1R13L -- MAPK9 -- LYN -- IRF1 -- EIF4G2 -- CYCS -- HIP1 -- CDK4 -- OTUD7B -- RNF11 -- CASP10 -- PSEN1 -- SOD1 -- RPA4 -- SMPD1 -- TNIK -- PELP1 -- BID -- FOXM1 -- MCL1 -- PCNA -- PLAC8 -- DIABLO
128,TNFRSF1A -- TNFRSF1B -- MAPK8 -- STAT1 -- BIRC2 -- SIRT1 -- MYC -- TNFAIP3 -- MAPK14 -- PTMA -- RHOA -- RAC1 -- MAP2K7 -- MAP3K1 -- VEGFA -- RET -- TRADD -- ATM -- CHUK -- PPP1R13L -- MAPK9 -- LYN -- IRF1 -- CYCS -- RNF11 -- PSEN1 -- BAD -- SOD1 -- HNRNPK -- SMPD1 -- TNIK -- BRCA1 -- CDKN2A -- EIF4E -- BID -- MCL1 -- PCNA -- TAF1 -- DIABLO -- RASSF1 -- RANGAP1
484,TNFRSF1A -- TNFRSF1B -- MAPK8 -- STAT1 -- JUN -- FOS -- SIRT1 -- TNFAIP3 -- TRAF1 -- MAPK14 -- RHOA -- NR3C1 -- TGFB2 -- RAC1 -- MAP2K7 -- MAP3K1 -- VEGFA -- MAP3K14 -- RET -- TRADD -- ATM -- CASP2 -- CHUK -- RPS6KA5 -- PPP1R13L -- MAPK9 -- IRF1 -- EIF4G2 -- HTRA2 -- MYB -- HIP1 -- RNF11 -- PSEN1 -- SOD1 -- HNRNPK -- CASP7 -- SMPD1 -- TNIK -- HTT -- BRCA1 -- CDKN2A -- BAK1 -- BID -- PCNA -- PLAC8 -- CASP9 -- DIABLO -- APAF1 -- RASSF1
130,TNFRSF1A -- TNFRSF1B -- MAPK8 -- JUN -- FOS -- SIRT1 -- RB1 -- TNFAIP3 -- CCND1 -- TRAF1 -- MAPK14 -- RHOA -- NR3C1 -- RAC1 -- MAP2K7 -- MAP3K1 -- MAP3K14 -- RET -- TRADD -- ATM -- CASP2 -- CHUK -- RPS6KA5 -- PPP1R13L -- MAPK9 -- IRF1 -- EIF4G2 -- HTRA2 -- MYB -- HIP1 -- RNF11 -- PSEN1 -- SOD1 -- HNRNPK -- SMPD1 -- TNIK -- HTT -- BRCA1 -- CDKN2A -- BAK1 -- BID -- PCNA -- PLAC8 -- CASP9 -- DIABLO -- APAF1 -- RASSF1
714,TNFRSF1A -- TNFRSF1B -- NFKB1 -- MAPK8 -- SIRT1 -- RB1 -- TNFAIP3 -- CCND1 -- TRAF1 -- MAPK14 -- RHOA -- RAC1 -- MAP2K7 -- MAP3K1 -- IGF1 -- MAP3K14 -- TRADD -- TNFRSF10B -- ATM -- CASP2 -- MDM2 -- CHUK -- RPS6KA5 -- PPP1R13L -- MAPK9 -- IRF1 -- EIF4G2 -- HTRA2 -- HIP1 -- CDK4 -- OTUD7B -- RNF11 -- CASP10 -- PSEN1 -- SOD1 -- RPA4 -- SMPD1 -- TNIK -- HTT -- PELP1 -- BAX -- BAK1 -- BID -- FOXM1 -- PCNA -- PLAC8 -- CASP9 -- DIABLO -- APAF1
358,TNFRSF1A -- TNFRSF1B -- MAPK8 -- STAT1 -- JUN -- FOS -- BIRC2 -- BIRC3 -- SIRT1 -- TNFAIP3 -- TRAF1 -- MAPK14 -- RHOA -- NR3C1 -- TGFB2 -- RAC1 -- MAP2K7 -- MAP3K1 -- VEGFA -- RET -- TRADD -- ATM -- CHUK -- RPS6KA5 -- PPP1R13L -- MAPK9 -- IRF1 -- MYB -- CYCS -- HIP1 -- RNF11 -- PSEN1 -- SOD1 -- HNRNPK -- SMPD1 -- TNIK -- BRCA1 -- CDKN2A -- EIF4E -- BID -- MCL1 -- PCNA -- TAF1 -- PLAC8 -- DIABLO -- RASSF1
669,TNFRSF1A -- TNFRSF1B -- NFKB1 -- MAPK8 -- SIRT1 -- RB1 -- TNFAIP3 -- CCND1 -- TRAF1 -- MAPK14 -- RHOA -- RAC1 -- MAP2K7 -- MAP3K1 -- IGF1 -- MAP3K14 -- TRADD -- TNFRSF10B -- CASP2 -- MDM2 -- CHUK -- RPS6KA5 -- PPP1R13L -- MAPK9 -- LYN -- IRF1 -- EIF4G2 -- HTRA2 -- HIP1 -- CDK4 -- OTUD7B -- RNF11 -- CASP10 -- PSEN1 -- SOD1 -- RPA4 -- SMPD1 -- TNIK -- HTT -- PELP1 -- BAX -- BAK1 -- BID -- FOXM1 -- PCNA -- PLAC8 -- DIABLO -- APAF1
134,MAPK8 -- STAT1 -- BIRC2 -- SIRT1 -- TRAF1 -- MAPK14 -- RAC1 -- MAP2K7 -- MAP3K1 -- VEGFA -- AKT1 -- MDM2 -- CHUK -- RPS6KA5 -- PPP1R13L -- MAPK9 -- LYN -- IRF1 -- EIF4G2 -- CYCS -- HIP1 -- CDK4 -- OTUD7B -- CASP10 -- PSEN1 -- RPA4 -- SMPD1 -- TNIK -- PELP1 -- BID -- FOXM1 -- MCL1 -- CTBP1 -- PCNA -- TAF1 -- PLAC8 -- DIABLO
766,TNFRSF1A -- TNFRSF1B -- MAPK8 -- STAT1 -- JUN -- FOS -- BIRC2 -- BIRC3 -- SIRT1 -- TNFAIP3 -- TRAF1 -- MAPK14 -- RHOA -- NR3C1 -- TGFB2 -- RAC1 -- MAP2K7 -- MAP3K1 -- VEGFA -- RET -- TRADD -- ATM -- CHUK -- RPS6KA5 -- PPP1R13L -- MAPK9 -- IRF1 -- EIF4G2 -- MYB -- HIP1 -- RNF11 -- PSEN1 -- SOD1 -- HNRNPK -- SMPD1 -- TNIK -- HTT -- BRCA1 -- CDKN2A -- BID -- MCL1 -- PCNA -- TAF1 -- PLAC8 -- DIABLO -- APAF1 -- RASSF1
416,TNFRSF1A -- TNFRSF1B -- MAPK8 -- STAT1 -- JUN -- FOS -- SIRT1 -- TNFAIP3 -- TRAF1 -- MAPK14 -- RHOA -- NR3C1 -- RAC1 -- MAP2K7 -- MAP3K1 -- VEGFA -- MAP3K14 -- RET -- TRADD -- ATM -- CASP2 -- CHUK -- RPS6KA5 -- PPP1R13L -- MAPK9 -- IRF1 -- EIF4G2 -- HTRA2 -- MYB -- HIP1 -- RNF11 -- PSEN1 -- SOD1 -- HNRNPK -- CASP7 -- SMPD1 -- TNIK -- HTT -- BRCA1 -- CDKN2A -- BID -- MCL1 -- PCNA -- TAF1 -- PLAC8 -- CASP9 -- DIABLO -- APAF1 -- RASSF1
137,TNFRSF1A -- TNFRSF1B -- MAPK8 -- STAT1 -- JUN -- FOS -- BIRC3 -- SIRT1 -- TNFAIP3 -- TRAF1 -- MAPK14 -- RHOA -- NR3C1 -- TGFB2 -- RAC1 -- MAP2K7 -- MAP3K1 -- VEGFA -- RET -- TRADD -- ATM -- CASP2 -- CHUK -- RPS6KA5 -- PPP1R13L -- MAPK9 -- IRF1 -- EIF4G2 -- MYB -- CYCS -- HIP1 -- RNF11 -- PSEN1 -- SOD1 -- HNRNPK -- SMPD1 -- TNIK -- HTT -- BRCA1 -- CDKN2A -- BID -- MCL1 -- PCNA -- PLAC8 -- CASP9 -- DIABLO -- RASSF1
543,TNFRSF1A -- TNFRSF1B -- MAPK8 -- STAT1 -- JUN -- BIRC2 -- BIRC3 -- SIRT1 -- TNFAIP3 -- TRAF1 -- MAPK14 -- RHOA -- NR3C1 -- TGFB2 -- RAC1 -- MAP2K7 -- MAP3K1 -- VEGFA -- MAP3K14 -- RET -- TRADD -- ATM -- CHUK -- RPS6KA5 -- PPP1R13L -- MAPK9 -- LYN -- IRF1 -- MYB -- CYCS -- HIP1 -- RNF11 -- PSEN1 -- SOD1 -- HNRNPK -- SMPD1 -- TNIK -- HTT -- BRCA1 -- CDKN2A -- BID -- MCL1 -- PCNA -- TAF1 -- PLAC8 -- DIABLO -- RASSF1
139,TNFRSF1A -- TNFRSF1B -- NFKB1 -- MAPK8 -- JUN -- FOS -- SIRT1 -- RB1 -- TNFAIP3 -- CCND1 -- TRAF1 -- MAPK14 -- RHOA -- RAC1 -- MAP2K7 -- MAP3K1 -- IGF1 -- MAP3K14 -- TRADD -- TNFRSF10B -- CASP2 -- MDM2 -- CHUK -- RPS6KA5 -- PPP1R13L -- MAPK9 -- IRF1 -- EIF4G2 -- HTRA2 -- MYB -- HIP1 -- CDK4 -- OTUD7B -- RNF11 -- CASP10 -- PSEN1 -- SOD1 -- RPA4 -- SMPD1 -- TNIK -- HTT -- PELP1 -- BAX -- BAK1 -- BID -- FOXM1 -- PCNA -- PLAC8 -- CASP9 -- DIABLO -- APAF1
140,TNFRSF1A -- TNFRSF1B -- NFKB1 -- MAPK8 -- STAT1 -- SIRT1 -- MYC -- TNFAIP3 -- CCND1 -- MAPK14 -- PTMA -- RHOA -- RAC1 -- MAP2K7 -- MAP3K1 -- IGF1 -- MAP3K14 -- TRADD -- TNFRSF10B -- ATM -- CASP2 -- MDM2 -- CHUK -- PPP1R13L -- MAPK9 -- LYN -- IRF1 -- HTRA2 -- CDK4 -- OTUD7B -- RNF11 -- CASP10 -- PSEN1 -- SOD1 -- RPA4 -- SMPD1 -- TNIK -- HTT -- PELP1 -- BAX -- BAK1 -- EIF4E -- BID -- FOXM1 -- TFDP1 -- PCNA -- TAF1 -- DIABLO -- APAF1 -- RANGAP1
371,TNFRSF1A -- TNFRSF1B -- MAPK8 -- STAT1 -- JUN -- FOS -- BIRC2 -- SIRT1 -- TNFAIP3 -- TRAF1 -- MAPK14 -- RHOA -- TGFB2 -- RAC1 -- MAP2K7 -- MAP3K1 -- VEGFA -- MAP3K14 -- RET -- TRADD -- ATM -- CHUK -- RPS6KA5 -- PPP1R13L -- MAPK9 -- IRF1 -- EIF4G2 -- MYB -- HIP1 -- RNF11 -- PSEN1 -- SOD1 -- HNRNPK -- CASP7 -- SMPD1 -- TNIK -- HTT -- BRCA1 -- CDKN2A -- BID -- MCL1 -- PCNA -- TAF1 -- PLAC8 -- CASP9 -- DIABLO -- APAF1 -- RASSF1
370,TNFRSF1A -- MAPK8 -- STAT1 -- SIRT1 -- TNFAIP3 -- TRAF1 -- MAPK14 -- TGFB2 -- RAC1 -- MAP2K7 -- MAP3K1 -- IGF1 -- VEGFA -- MAP3K14 -- RET -- TRADD -- AKT1 -- ATM -- E2F1 -- CHUK -- RPS6KA5 -- PPP1R13L -- MAPK9 -- LYN -- IRF1 -- HTRA2 -- MYB -- HIP1 -- CDK4 -- OTUD7B -- RNF11 -- CASP10 -- PSEN1 -- RPA4 -- CASP7 -- SMPD1 -- TNIK -- BBC3 -- PELP1 -- BAK1 -- EIF4E -- BID -- FOXM1 -- CTBP1 -- RBL1 -- PCNA -- TAF1 -- PLAC8 -- CASP9 -- DIABLO -- APAF1
726,TNFRSF1A -- TNFRSF1B -- MAPK8 -- STAT1 -- JUN -- FOS -- SIRT1 -- RB1 -- TNFAIP3 -- TRAF1 -- MAPK14 -- RHOA -- NR3C1 -- RAC1 -- MAP2K7 -- MAP3K1 -- MAP3K14 -- RET -- TRADD -- ATM -- CASP2 -- CHUK -- RPS6KA5 -- PPP1R13L -- MAPK9 -- IRF1 -- EIF4G2 -- HTRA2 -- MYB -- HIP1 -- RNF11 -- CASP10 -- PSEN1 -- SOD1 -- HNRNPK -- SMPD1 -- TNIK -- HTT -- BRCA1 -- CDKN2A -- BAK1 -- BID -- PCNA -- PLAC8 -- CASP9 -- DIABLO -- APAF1 -- RASSF1
445,TP53 -- STAT1 -- BIRC2 -- BIRC3 -- MYC -- TRAF1 -- MAPK14 -- TGFB2 -- RAC1 -- MAP2K7 -- MAP3K1 -- VEGFA -- RET -- TRADD -- ATM -- E2F1 -- CHUK -- PPP1R13L -- MAPK9 -- LYN -- IRF1 -- MYB -- CYCS -- OTUD7B -- RNF11 -- CASP10 -- PARP1 -- PSEN1 -- SOD1 -- SMPD1 -- TNIK -- EIF4E -- BID -- PCNA -- TAF1 -- PLAC8 -- DIABLO -- RASSF1
418,TNFRSF1A -- TNFRSF1B -- MAPK8 -- STAT1 -- JUN -- FOS -- BIRC2 -- BIRC3 -- SIRT1 -- TNFAIP3 -- TRAF1 -- MAPK14 -- RHOA -- NR3C1 -- TGFB2 -- RAC1 -- MAP2K7 -- MAP3K1 -- VEGFA -- RET -- TRADD -- ATM -- CHUK -- RPS6KA5 -- PPP1R13L -- MAPK9 -- IRF1 -- MYB -- CYCS -- HIP1 -- RNF11 -- PSEN1 -- SOD1 -- HNRNPK -- SMPD1 -- TNIK -- BRCA1 -- CDKN2A -- EIF4E -- BID -- MCL1 -- PCNA -- TAF1 -- PLAC8 -- DIABLO -- RASSF1
146,TNF -- TNFRSF1B -- NFKB1 -- FASLG -- RB1 -- TNFAIP3 -- CCND1 -- TRAF1 -- MAPK14 -- PTMA -- RHOA -- RAC1 -- MAP2K7 -- MAP3K1 -- MAP3K14 -- MAPK1 -- TNFRSF10B -- ATM -- MDM2 -- CHUK -- RPS6KA5 -- PPP1R13L -- MAPK9 -- LYN -- IRF1 -- EIF4G2 -- HTRA2 -- HIP1 -- CDK4 -- OTUD7B -- RNF11 -- CASP10 -- PARP1 -- PSEN1 -- RPA4 -- SMPD1 -- TNIK -- PSIP1 -- PELP1 -- BAK1 -- BID -- FOXM1 -- CTBP1 -- PCNA -- PLAC8 -- DIABLO -- APAF1
147,TNFRSF1A -- TNFRSF1B -- NFKB1 -- MAPK8 -- SIRT1 -- RB1 -- TNFAIP3 -- CCND1 -- TRAF1 -- MAPK14 -- RHOA -- RAC1 -- MAP2K7 -- MAP3K1 -- MAP3K14 -- TRADD -- TNFRSF10B -- CASP2 -- MDM2 -- CHUK -- RPS6KA5 -- PPP1R13L -- MAPK9 -- IRF1 -- EIF4G2 -- HTRA2 -- HIP1 -- CDK4 -- OTUD7B -- RNF11 -- CASP10 -- PSEN1 -- SOD1 -- RPA4 -- SMPD1 -- TNIK -- HTT -- PELP1 -- BAX -- BAK1 -- BID -- FOXM1 -- PCNA -- PLAC8 -- CASP9 -- DIABLO -- APAF1
148,TNFRSF1A -- TNFRSF1B -- MAPK8 -- BIRC2 -- SIRT1 -- MYC -- TNFAIP3 -- CCND1 -- MAPK14 -- PTMA -- RHOA -- RAC1 -- MAP2K7 -- MAP3K1 -- IGF1 -- TRADD -- ATM -- MDM2 -- CHUK -- PPP1R13L -- MAPK9 -- LYN -- IRF1 -- HTRA2 -- CYCS -- CDK4 -- OTUD7B -- RNF11 -- PSEN1 -- SOD1 -- RPA4 -- SMPD1 -- TNIK -- PELP1 -- BAX -- BAK1 -- EIF4E -- BID -- FOXM1 -- PCNA -- TAF1 -- DIABLO -- RANGAP1
149,TNFRSF1A -- TNFRSF1B -- MAPK8 -- STAT1 -- JUN -- FOS -- BIRC2 -- SIRT1 -- TNFAIP3 -- TRAF1 -- MAPK14 -- RHOA -- NR3C1 -- TGFB2 -- RAC1 -- MAP2K7 -- MAP3K1 -- VEGFA -- MAP3K14 -- RET -- TRADD -- ATM -- CASP2 -- CHUK -- RPS6KA5 -- PPP1R13L -- MAPK9 -- IRF1 -- EIF4G2 -- MYB -- CYCS -- HIP1 -- RNF11 -- PSEN1 -- SOD1 -- HNRNPK -- SMPD1 -- TNIK -- HTT -- BRCA1 -- CDKN2A -- BID -- MCL1 -- PCNA -- TAF1 -- PLAC8 -- CASP9 -- DIABLO -- RASSF1
725,TNFRSF1A -- TNFRSF1B -- NFKB1 -- MAPK8 -- BIRC2 -- BIRC3 -- SIRT1 -- RB1 -- TNFAIP3 -- CCND1 -- MAPK14 -- RHOA -- RAC1 -- MAP2K7 -- MAP3K1 -- TRADD -- TNFRSF10B -- MDM2 -- CHUK -- PPP1R13L -- MAPK9 -- LYN -- IRF1 -- CYCS -- CDK4 -- RNF11 -- CASP10 -- PSEN1 -- BAD -- SOD1 -- RPA4 -- SMPD1 -- TNIK -- BAX -- BID -- PCNA -- TAF1 -- PLAC8 -- DIABLO -- RANGAP1
345,NFKB1 -- MAPK8 -- STAT1 -- BIRC3 -- RB1 -- TNFAIP3 -- TRAF1 -- MAPK14 -- RAC1 -- MAP2K7 -- MAP3K1 -- IGF1 -- TRADD -- TNFRSF10B -- AKT1 -- ATM -- CASP2 -- MDM2 -- CHUK -- RPS6KA5 -- PPP1R13L -- MAPK9 -- LYN -- IRF1 -- EIF4G2 -- HIP1 -- CDK4 -- OTUD7B -- RNF11 -- CASP10 -- PARP1 -- PSEN1 -- SOD1 -- RPA4 -- SMPD1 -- TNIK -- HTT -- PELP1 -- BID -- FOXM1 -- MCL1 -- CTBP1 -- PCNA -- PLAC8 -- DIABLO -- APAF1
512,TNFRSF1A -- TNFRSF1B -- NFKB1 -- MAPK8 -- JUN -- FOS -- SIRT1 -- RB1 -- TNFAIP3 -- CCND1 -- TRAF1 -- MAPK14 -- RHOA -- RAC1 -- MAP2K7 -- MAP3K1 -- MAP3K14 -- TRADD -- TNFRSF10B -- CASP2 -- MDM2 -- CHUK -- RPS6KA5 -- PPP1R13L -- MAPK9 -- IRF1 -- EIF4G2 -- HTRA2 -- MYB -- HIP1 -- CDK4 -- OTUD7B -- RNF11 -- CASP10 -- PSEN1 -- SOD1 -- RPA4 -- SMPD1 -- TNIK -- HTT -- PELP1 -- BAX -- BAK1 -- BID -- FOXM1 -- PCNA -- PLAC8 -- CASP9 -- DIABLO -- APAF1
242,TNFRSF1A -- TNFRSF1B -- MAPK8 -- STAT1 -- BIRC2 -- SIRT1 -- MYC -- TNFAIP3 -- CCND1 -- MAPK14 -- PTMA -- RHOA -- RAC1 -- MAP2K7 -- MAP3K1 -- IGF1 -- VEGFA -- TRADD -- ATM -- MDM2 -- CHUK -- PPP1R13L -- MAPK9 -- LYN -- IRF1 -- CYCS -- CDK4 -- OTUD7B -- RNF11 -- PSEN1 -- BAD -- SOD1 -- RPA4 -- SMPD1 -- TNIK -- PELP1 -- EIF4E -- BID -- FOXM1 -- MCL1 -- PCNA -- TAF1 -- DIABLO -- RANGAP1
624,TNFRSF1A -- TNFRSF1B -- NFKB1 -- MAPK8 -- BIRC2 -- BIRC3 -- SIRT1 -- MYC -- TNFAIP3 -- CCND1 -- MAPK14 -- PTMA -- RHOA -- TGFB2 -- RAC1 -- MAP2K7 -- MAP3K1 -- TRADD -- TNFRSF10B -- ATM -- MDM2 -- CHUK -- PPP1R13L -- MAPK9 -- LYN -- IRF1 -- EIF4G2 -- HTRA2 -- CYCS -- CDK4 -- OTUD7B -- RNF11 -- CASP10 -- PSEN1 -- SOD1 -- RPA4 -- SMPD1 -- TNIK -- PELP1 -- BAX -- BAK1 -- BID -- FOXM1 -- PCNA -- TAF1 -- DIABLO -- RANGAP1
333,TNFRSF1A -- TNFRSF1B -- MAPK8 -- STAT1 -- BIRC2 -- SIRT1 -- MYC -- TNFAIP3 -- CCND1 -- MAPK14 -- PTMA -- RHOA -- TGFB2 -- RAC1 -- MAP2K7 -- MAP3K1 -- IGF1 -- VEGFA -- TRADD -- MDM2 -- CHUK -- PPP1R13L -- MAPK9 -- LYN -- IRF1 -- CYCS -- CDK4 -- OTUD7B -- RNF11 -- PSEN1 -- BAD -- SOD1 -- RPA4 -- SMPD1 -- TNIK -- PELP1 -- EIF4E -- BID -- FOXM1 -- MCL1 -- PCNA -- TAF1 -- DIABLO -- RANGAP1
156,TNFRSF1A -- TNFRSF1B -- MAPK8 -- STAT1 -- BIRC2 -- SIRT1 -- RB1 -- TNFAIP3 -- MAPK14 -- RHOA -- RAC1 -- MAP2K7 -- MAP3K1 -- VEGFA -- TRADD -- MDM2 -- CHUK -- RPS6KA5 -- PPP1R13L -- MAPK9 -- LYN -- IRF1 -- CYCS -- CDK4 -- OTUD7B -- RNF11 -- PSEN1 -- SOD1 -- RPA4 -- SMPD1 -- TNIK -- PELP1 -- EIF4E -- BID -- FOXM1 -- MCL1 -- PCNA -- PLAC8 -- DIABLO
815,TNFRSF1A -- STAT1 -- BIRC2 -- SIRT1 -- TNFAIP3 -- TRAF1 -- MAPK14 -- RAC1 -- MAP2K7 -- MAP3K1 -- IGF1 -- VEGFA -- TRADD -- TNFRSF10B -- E2F1 -- CHUK -- RPS6KA5 -- PPP1R13L -- MAPK9 -- LYN -- IRF1 -- CYCS -- HIP1 -- CDK4 -- OTUD7B -- RNF11 -- CASP10 -- PSEN1 -- SOD1 -- RPA4 -- SMPD1 -- BBC3 -- PELP1 -- BAK1 -- EIF4E -- BID -- FOXM1 -- CTBP1 -- RBL1 -- PCNA -- TAF1 -- PLAC8 -- DIABLO
510,TNFRSF1A -- TNFRSF1B -- NFKB1 -- MAPK8 -- STAT1 -- JUN -- FOS -- SIRT1 -- TNFAIP3 -- TRAF1 -- MAPK14 -- RHOA -- RAC1 -- MAP2K7 -- MAP3K1 -- VEGFA -- MAP3K14 -- RET -- TRADD -- TNFRSF10B -- ATM -- CASP2 -- CHUK -- RPS6KA5 -- PPP1R13L -- MAPK9 -- IRF1 -- EIF4G2 -- HTRA2 -- MYB -- HIP1 -- OTUD7B -- RNF11 -- CASP10 -- PSEN1 -- SOD1 -- HNRNPK -- CASP7 -- SMPD1 -- TNIK -- HTT -- CDKN2A -- PELP1 -- BAX -- BAK1 -- BID -- PCNA -- PLAC8 -- CASP9 -- DIABLO -- APAF1
159,TNFRSF1A -- TNFRSF1B -- MAPK8 -- STAT1 -- JUN -- FOS -- SIRT1 -- TNFAIP3 -- TRAF1 -- MAPK14 -- RHOA -- NR3C1 -- TGFB2 -- RAC1 -- MAP2K7 -- MAP3K1 -- VEGFA -- MAP3K14 -- RET -- TRADD -- ATM -- CASP2 -- CHUK -- RPS6KA5 -- PPP1R13L -- MAPK9 -- IRF1 -- EIF4G2 -- HTRA2 -- MYB -- HIP1 -- RNF11 -- PSEN1 -- SOD1 -- HNRNPK -- CASP7 -- SMPD1 -- TNIK -- HTT -- BRCA1 -- CDKN2A -- BID -- MCL1 -- PCNA -- TAF1 -- PLAC8 -- CASP9 -- DIABLO -- APAF1 -- RASSF1
160,TNFRSF1A -- TNFRSF1B -- NFKB1 -- MAPK8 -- JUN -- SIRT1 -- RB1 -- TNFAIP3 -- CCND1 -- TRAF1 -- MAPK14 -- RHOA -- RAC1 -- MAP2K7 -- MAP3K1 -- IGF1 -- TRADD -- TNFRSF10B -- CASP2 -- MDM2 -- CHUK -- RPS6KA5 -- PPP1R13L -- MAPK9 -- IRF1 -- HTRA2 -- HIP1 -- CDK4 -- OTUD7B -- RNF11 -- CASP10 -- PSEN1 -- SOD1 -- RPA4 -- SMPD1 -- TNIK -- PELP1 -- BAX -- BAK1 -- EIF4E -- BID -- FOXM1 -- PCNA -- PLAC8 -- CASP9 -- DIABLO
161,TNFRSF1A -- TNFRSF1B -- MAPK8 -- STAT1 -- JUN -- FOS -- SIRT1 -- TNFAIP3 -- TRAF1 -- MAPK14 -- RHOA -- NR3C1 -- TGFB2 -- RAC1 -- MAP2K7 -- MAP3K1 -- VEGFA -- MAP3K14 -- RET -- TRADD -- ATM -- CASP2 -- CHUK -- RPS6KA5 -- PPP1R13L -- MAPK9 -- IRF1 -- EIF4G2 -- HTRA2 -- MYB -- HIP1 -- RNF11 -- PSEN1 -- SOD1 -- HNRNPK -- CASP7 -- SMPD1 -- TNIK -- HTT -- BRCA1 -- CDKN2A -- BAX -- BID -- MCL1 -- PCNA -- TAF1 -- PLAC8 -- CASP9 -- DIABLO -- APAF1 -- RASSF1
665,TNFRSF1A -- TNFRSF1B -- MAPK8 -- STAT1 -- FOS -- BIRC2 -- BIRC3 -- SIRT1 -- TNFAIP3 -- TRAF1 -- MAPK14 -- RHOA -- NR3C1 -- TGFB2 -- RAC1 -- MAP2K7 -- MAP3K1 -- VEGFA -- RET -- TRADD -- ATM -- CHUK -- RPS6KA5 -- PPP1R13L -- MAPK9 -- LYN -- IRF1 -- MYB -- CYCS -- HIP1 -- RNF11 -- PSEN1 -- SOD1 -- HNRNPK -- SMPD1 -- TNIK -- BRCA1 -- CDKN2A -- EIF4E -- BID -- MCL1 -- PCNA -- TAF1 -- PLAC8 -- DIABLO -- RASSF1
332,TNFRSF1A -- TNFRSF1B -- NFKB1 -- MAPK8 -- SIRT1 -- MYC -- RB1 -- TNFAIP3 -- CCND1 -- MAPK14 -- PTMA -- RHOA -- RAC1 -- MAP2K7 -- MAP3K1 -- MAP3K14 -- TRADD -- CASP2 -- MDM2 -- CHUK -- PPP1R13L -- MAPK9 -- LYN -- IRF1 -- HTRA2 -- CDK4 -- OTUD7B -- RNF11 -- PSEN1 -- SOD1 -- RPA4 -- SMPD1 -- TNIK -- PELP1 -- BAX -- BAK1 -- EIF4E -- BID -- FOXM1 -- PCNA -- TAF1 -- DIABLO -- RANGAP1
164,TNFRSF1A -- TNFRSF1B -- NFKB1 -- MAPK8 -- SIRT1 -- RB1 -- TNFAIP3 -- CCND1 -- TRAF1 -- MAPK14 -- RHOA -- RAC1 -- MAP2K7 -- MAP3K1 -- IGF1 -- MAP3K14 -- TRADD -- TNFRSF10B -- ATM -- CASP2 -- MDM2 -- CHUK -- PPP1R13L -- MAPK9 -- IRF1 -- EIF4G2 -- HTRA2 -- CDK4 -- OTUD7B -- RNF11 -- CASP10 -- PSEN1 -- SOD1 -- RPA4 -- SMPD1 -- TNIK -- HTT -- PELP1 -- BAX -- BAK1 -- BID -- FOXM1 -- PCNA -- PLAC8 -- CASP9 -- DIABLO -- APAF1
728,TNFRSF1A -- TNFRSF1B -- NFKB1 -- MAPK8 -- STAT1 -- BIRC2 -- SIRT1 -- MYC -- TNFAIP3 -- MAPK14 -- PTMA -- RHOA -- RAC1 -- MAP2K7 -- MAP3K1 -- VEGFA -- RET -- TRADD -- ATM -- CHUK -- RPS6KA5 -- PPP1R13L -- MAPK9 -- LYN -- IRF1 -- CYCS -- CDK4 -- RNF11 -- PSEN1 -- SOD1 -- HNRNPK -- SMPD1 -- TNIK -- BRCA1 -- EIF4E -- BID -- MCL1 -- PCNA -- TAF1 -- DIABLO -- RASSF1 -- RANGAP1
705,TNFRSF1A -- TNFRSF1B -- NFKB1 -- MAPK8 -- BIRC2 -- BIRC3 -- SIRT1 -- RB1 -- TNFAIP3 -- CCND1 -- TRAF1 -- MAPK14 -- PTMA -- RHOA -- RAC1 -- MAP2K7 -- MAP3K1 -- IGF1 -- TRADD -- TNFRSF10B -- ATM -- MDM2 -- CHUK -- RPS6KA5 -- PPP1R13L -- MAPK9 -- LYN -- IRF1 -- EIF4G2 -- HTRA2 -- CYCS -- HIP1 -- CDK4 -- OTUD7B -- RNF11 -- CASP10 -- PSEN1 -- SOD1 -- HNRNPK -- RPA4 -- SMPD1 -- TNIK -- PELP1 -- BAX -- BAK1 -- BID -- FOXM1 -- PCNA -- PLAC8 -- DIABLO
167,TNFRSF1A -- TNFRSF1B -- MAPK8 -- STAT1 -- JUN -- FOS -- SIRT1 -- RB1 -- TNFAIP3 -- TRAF1 -- MAPK14 -- RHOA -- NR3C1 -- RAC1 -- MAP2K7 -- MAP3K1 -- MAP3K14 -- RET -- TRADD -- ATM -- CASP2 -- CHUK -- RPS6KA5 -- PPP1R13L -- MAPK9 -- IRF1 -- EIF4G2 -- HTRA2 -- MYB -- HIP1 -- RNF11 -- PSEN1 -- SOD1 -- HNRNPK -- SMPD1 -- TNIK -- HTT -- BRCA1 -- CDKN2A -- BAK1 -- BID -- FOXM1 -- PCNA -- PLAC8 -- CASP9 -- DIABLO -- APAF1
278,TNFRSF1A -- TNFRSF1B -- MAPK8 -- STAT1 -- JUN -- FOS -- SIRT1 -- RB1 -- TNFAIP3 -- TRAF1 -- MAPK14 -- RHOA -- NR3C1 -- RAC1 -- MAP2K7 -- MAP3K1 -- VEGFA -- MAP3K14 -- RET -- TRADD -- CASP2 -- CHUK -- RPS6KA5 -- PPP1R13L -- MAPK9 -- IRF1 -- EIF4G2 -- HTRA2 -- MYB -- HIP1 -- OTUD7B -- RNF11 -- CASP10 -- PSEN1 -- SOD1 -- HNRNPK -- SMPD1 -- TNIK -- HTT -- CDKN2A -- BAK1 -- BID -- PCNA -- PLAC8 -- CASP9 -- DIABLO -- APAF1
169,STAT1 -- JUN -- FOS -- BIRC2 -- SIRT1 -- MAPK14 -- NR3C1 -- TGFB2 -- RAC1 -- MAP2K7 -- MAP3K1 -- VEGFA -- RET -- MAPK1 -- AKT1 -- ATM -- CHUK -- RPS6KA5 -- PPP1R13L -- MAPK9 -- IRF1 -- EIF4G2 -- MYB -- CYCS -- HIP1 -- RNF11 -- PARP1 -- PSEN1 -- HNRNPK -- BRCA1 -- CDKN2A -- BID -- MCL1 -- PCNA -- TAF1 -- PLAC8 -- CASP9 -- DIABLO -- RASSF1
804,TNFRSF1A -- TNFRSF1B -- NFKB1 -- MAPK8 -- FOS -- SIRT1 -- RB1 -- TNFAIP3 -- CCND1 -- TRAF1 -- MAPK14 -- RHOA -- RAC1 -- MAP2K7 -- MAP3K1 -- IGF1 -- MAP3K14 -- TRADD -- TNFRSF10B -- CASP2 -- MDM2 -- CHUK -- RPS6KA5 -- PPP1R13L -- MAPK9 -- IRF1 -- EIF4G2 -- HTRA2 -- HIP1 -- CDK4 -- OTUD7B -- RNF11 -- CASP10 -- PSEN1 -- SOD1 -- RPA4 -- SMPD1 -- TNIK -- HTT -- PELP1 -- BAX -- BAK1 -- BID -- FOXM1 -- PCNA -- PLAC8 -- CASP9 -- DIABLO -- APAF1
403,MAPK8 -- STAT1 -- JUN -- FOS -- SIRT1 -- TRAF1 -- MAPK14 -- RHOA -- TGFB2 -- RAC1 -- MAP2K7 -- MAP3K1 -- VEGFA -- MAP3K14 -- RET -- MAPK1 -- ATM -- CHUK -- RPS6KA5 -- PPP1R13L -- MAPK9 -- IRF1 -- EIF4G2 -- HTRA2 -- MYB -- HIP1 -- OTUD7B -- RNF11 -- PSEN1 -- SOD1 -- HNRNPK -- CASP7 -- SMPD1 -- TNIK -- BRCA1 -- CDKN2A -- BAK1 -- BID -- MCL1 -- PCNA -- TAF1 -- PLAC8 -- DIABLO -- APAF1 -- RASSF1
172,TNFRSF1A -- TNFRSF1B -- NFKB1 -- MAPK8 -- SIRT1 -- RB1 -- TNFAIP3 -- CCND1 -- TRAF1 -- MAPK14 -- RHOA -- RAC1 -- MAP2K7 -- MAP3K1 -- IGF1 -- MAP3K14 -- TRADD -- TNFRSF10B -- CASP2 -- MDM2 -- CHUK -- RPS6KA5 -- PPP1R13L -- MAPK9 -- LYN -- IRF1 -- EIF4G2 -- HTRA2 -- HIP1 -- CDK4 -- OTUD7B -- RNF11 -- CASP10 -- PSEN1 -- SOD1 -- RPA4 -- SMPD1 -- TNIK -- HTT -- PELP1 -- BAX -- BAK1 -- BID -- FOXM1 -- PCNA -- PLAC8 -- DIABLO
794,TNFRSF1A -- TNFRSF1B -- NFKB1 -- STAT1 -- FASLG -- RB1 -- TNFAIP3 -- TRAF1 -- MAPK14 -- RHOA -- RAC1 -- MAP2K7 -- MAP3K1 -- IGF1 -- MAP3K14 -- TRADD -- TNFRSF10B -- CASP2 -- MDM2 -- CHUK -- RPS6KA5 -- PPP1R13L -- MAPK9 -- IRF1 -- EIF4G2 -- HTRA2 -- HIP1 -- CDK4 -- OTUD7B -- RNF11 -- CASP10 -- PSEN1 -- SOD1 -- RPA4 -- SMPD1 -- TNIK -- HTT -- PELP1 -- BID -- FOXM1 -- MCL1 -- CTBP1 -- PCNA -- PLAC8 -- CASP9 -- DIABLO -- APAF1
539,TNFRSF1A -- TNFRSF1B -- MAPK8 -- BIRC2 -- SIRT1 -- MYC -- TNFAIP3 -- CCND1 -- MAPK14 -- PTMA -- RHOA -- RAC1 -- MAP2K7 -- MAP3K1 -- TRADD -- MDM2 -- CHUK -- PPP1R13L -- MAPK9 -- LYN -- IRF1 -- CYCS -- CDK4 -- OTUD7B -- RNF11 -- PSEN1 -- BAD -- SOD1 -- RPA4 -- SMPD1 -- TNIK -- PELP1 -- EIF4E -- BID -- MCL1 -- PCNA -- TAF1 -- DIABLO -- RANGAP1
497,STAT1 -- FASLG -- MAPK14 -- RHOA -- RAC1 -- MAP2K7 -- MAP3K1 -- IGF1 -- VEGFA -- RET -- MAPK1 -- TNFRSF10B -- MDM2 -- CHUK -- RPS6KA5 -- PPP1R13L -- MAPK9 -- LYN -- IRF1 -- HIP1 -- CDK4 -- OTUD7B -- RNF11 -- PARP1 -- PSEN1 -- SOD1 -- RPA4 -- SMPD1 -- PELP1 -- EIF4E -- BID -- FOXM1 -- MCL1 -- CTBP1 -- PCNA -- TAF1 -- PLAC8 -- DIABLO -- APAF1
176,TNFRSF1A -- TNFRSF1B -- MAPK8 -- STAT1 -- JUN -- FOS -- BIRC2 -- BIRC3 -- SIRT1 -- TNFAIP3 -- TRAF1 -- MAPK14 -- RHOA -- NR3C1 -- TGFB2 -- RAC1 -- MAP2K7 -- MAP3K1 -- VEGFA -- RET -- TRADD -- ATM -- CHUK -- RPS6KA5 -- PPP1R13L -- MAPK9 -- IRF1 -- EIF4G2 -- MYB -- CYCS -- HIP1 -- RNF11 -- PSEN1 -- SOD1 -- HNRNPK -- SMPD1 -- TNIK -- BRCA1 -- CDKN2A -- BID -- MCL1 -- PCNA -- TAF1 -- PLAC8 -- DIABLO -- RASSF1
564,TNFRSF1A -- TNFRSF1B -- MAPK8 -- JUN -- SIRT1 -- RB1 -- TNFAIP3 -- CCND1 -- TRAF1 -- MAPK14 -- RHOA -- RAC1 -- MAP2K7 -- MAP3K1 -- MAP3K14 -- TRADD -- ATM -- CASP2 -- MDM2 -- CHUK -- RPS6KA5 -- PPP1R13L -- MAPK9 -- IRF1 -- HTRA2 -- HIP1 -- OTUD7B -- RNF11 -- PSEN1 -- SOD1 -- RPA4 -- SMPD1 -- TNIK -- HTT -- BRCA1 -- CDKN2A -- PELP1 -- BAX -- BAK1 -- EIF4E -- BID -- FOXM1 -- PCNA -- PLAC8 -- CASP9 -- DIABLO -- RASSF1
258,TNFRSF1A -- TNFRSF1B -- NFKB1 -- MAPK8 -- JUN -- FOS -- SIRT1 -- RB1 -- TNFAIP3 -- CCND1 -- TRAF1 -- MAPK14 -- RHOA -- RAC1 -- MAP2K7 -- MAP3K1 -- IGF1 -- MAP3K14 -- TRADD -- TNFRSF10B -- ATM -- CASP2 -- MDM2 -- CHUK -- RPS6KA5 -- PPP1R13L -- MAPK9 -- IRF1 -- EIF4G2 -- HTRA2 -- MYB -- HIP1 -- CDK4 -- OTUD7B -- RNF11 -- CASP10 -- PSEN1 -- SOD1 -- RPA4 -- SMPD1 -- TNIK -- HTT -- PELP1 -- BAX -- BAK1 -- BID -- FOXM1 -- PCNA -- PLAC8 -- CASP9 -- DIABLO -- APAF1
266,TNFRSF1A -- TNFRSF1B -- MAPK8 -- STAT1 -- JUN -- BIRC2 -- BIRC3 -- SIRT1 -- TNFAIP3 -- TRAF1 -- MAPK14 -- RHOA -- NR3C1 -- TGFB2 -- RAC1 -- MAP2K7 -- MAP3K1 -- VEGFA -- RET -- TRADD -- ATM -- CHUK -- RPS6KA5 -- PPP1R13L -- MAPK9 -- LYN -- IRF1 -- MYB -- CYCS -- HIP1 -- RNF11 -- PSEN1 -- SOD1 -- HNRNPK -- SMPD1 -- TNIK -- BRCA1 -- CDKN2A -- EIF4E -- BID -- MCL1 -- PCNA -- TAF1 -- PLAC8 -- DIABLO -- RASSF1
793,TNFRSF1A -- TNFRSF1B -- MAPK8 -- STAT1 -- BIRC2 -- BIRC3 -- SIRT1 -- MYC -- TNFAIP3 -- TRAF1 -- MAPK14 -- PTMA -- RHOA -- NR3C1 -- RAC1 -- MAP2K7 -- MAP3K1 -- VEGFA -- RET -- TRADD -- ATM -- CHUK -- PPP1R13L -- MAPK9 -- LYN -- IRF1 -- CYCS -- RNF11 -- PSEN1 -- SOD1 -- HNRNPK -- SMPD1 -- TNIK -- BRCA1 -- EIF4E -- BID -- MCL1 -- PCNA -- TAF1 -- DIABLO -- RASSF1
181,TNFRSF1A -- TNFRSF1B -- MAPK8 -- STAT1 -- JUN -- FOS -- BIRC3 -- SIRT1 -- TNFAIP3 -- TRAF1 -- MAPK14 -- RHOA -- NR3C1 -- TGFB2 -- RAC1 -- MAP2K7 -- MAP3K1 -- VEGFA -- MAP3K14 -- RET -- TRADD -- ATM -- CASP2 -- CHUK -- RPS6KA5 -- PPP1R13L -- MAPK9 -- IRF1 -- EIF4G2 -- MYB -- HIP1 -- RNF11 -- PSEN1 -- SOD1 -- HNRNPK -- SMPD1 -- TNIK -- HTT -- BRCA1 -- CDKN2A -- BID -- MCL1 -- PCNA -- TAF1 -- PLAC8 -- CASP9 -- DIABLO -- APAF1 -- RASSF1
638,TNFRSF1A -- TNFRSF1B -- MAPK8 -- STAT1 -- JUN -- FOS -- SIRT1 -- RB1 -- TNFAIP3 -- TRAF1 -- MAPK14 -- RHOA -- NR3C1 -- RAC1 -- MAP2K7 -- MAP3K1 -- VEGFA -- MAP3K14 -- RET -- TRADD -- ATM -- CASP2 -- CHUK -- RPS6KA5 -- PPP1R13L -- MAPK9 -- IRF1 -- EIF4G2 -- HTRA2 -- MYB -- HIP1 -- RNF11 -- PSEN1 -- SOD1 -- HNRNPK -- SMPD1 -- TNIK -- HTT -- BRCA1 -- CDKN2A -- BAK1 -- BID -- MCL1 -- PCNA -- PLAC8 -- CASP9 -- DIABLO -- APAF1 -- RASSF1
347,STAT1 -- JUN -- FOS -- BIRC2 -- SIRT1 -- FASLG -- MAPK14 -- NR3C1 -- TGFB2 -- RAC1 -- MAP2K7 -- MAP3K1 -- VEGFA -- MAP3K14 -- RET -- TRADD -- TNFRSF10B -- AKT1 -- ATM -- CHUK -- RPS6KA5 -- PPP1R13L -- MAPK9 -- IRF1 -- EIF4G2 -- MYB -- CYCS -- HIP1 -- OTUD7B -- CASP10 -- PSEN1 -- HNRNPK -- CASP7 -- SMPD1 -- TNIK -- BRCA1 -- CDKN2A -- BAK1 -- BID -- RBL1 -- PCNA -- TAF1 -- PLAC8 -- DIABLO -- RASSF1
184,TNFRSF1A -- TNFRSF1B -- MAPK8 -- JUN -- FOS -- SIRT1 -- RB1 -- TNFAIP3 -- TRAF1 -- MAPK14 -- RHOA -- RAC1 -- MAP2K7 -- MAP3K1 -- MAP3K14 -- RET -- TRADD -- ATM -- CASP2 -- CHUK -- RPS6KA5 -- PPP1R13L -- MAPK9 -- IRF1 -- EIF4G2 -- HTRA2 -- MYB -- HIP1 -- OTUD7B -- RNF11 -- PSEN1 -- SOD1 -- RPA4 -- SMPD1 -- TNIK -- HTT -- BRCA1 -- CDKN2A -- PELP1 -- BAX -- BAK1 -- BID -- FOXM1 -- PCNA -- PLAC8 -- CASP9 -- DIABLO -- APAF1
369,TNFRSF1A -- TNFRSF1B -- MAPK8 -- STAT1 -- BIRC2 -- BIRC3 -- SIRT1 -- MYC -- TNFAIP3 -- CCND1 -- MAPK14 -- PTMA -- RHOA -- TGFB2 -- RAC1 -- MAP2K7 -- MAP3K1 -- IGF1 -- VEGFA -- TRADD -- ATM -- MDM2 -- CHUK -- PPP1R13L -- MAPK9 -- LYN -- IRF1 -- CYCS -- CDK4 -- OTUD7B -- RNF11 -- PSEN1 -- BAD -- SOD1 -- HNRNPK -- RPA4 -- SMPD1 -- TNIK -- PELP1 -- EIF4E -- BID -- MCL1 -- PCNA -- TAF1 -- DIABLO -- RANGAP1
186,MAPK8 -- STAT1 -- BIRC2 -- SIRT1 -- TRAF1 -- MAPK14 -- RAC1 -- MAP2K7 -- MAP3K1 -- IGF1 -- VEGFA -- RET -- TRADD -- TNFRSF10B -- AKT1 -- CHUK -- RPS6KA5 -- PPP1R13L -- MAPK9 -- LYN -- IRF1 -- EIF4G2 -- MYB -- HIP1 -- CDK4 -- OTUD7B -- RNF11 -- CASP10 -- PSEN1 -- SOD1 -- RPA4 -- CASP7 -- SMPD1 -- TNIK -- PELP1 -- BAK1 -- BID -- FOXM1 -- CTBP1 -- PCNA -- TAF1 -- PLAC8 -- DIABLO -- APAF1
601,TNFRSF1A -- TNFRSF1B -- NFKB1 -- MAPK8 -- SIRT1 -- RB1 -- TNFAIP3 -- CCND1 -- TRAF1 -- MAPK14 -- RHOA -- RAC1 -- MAP2K7 -- MAP3K1 -- TRADD -- TNFRSF10B -- CASP2 -- MDM2 -- CHUK -- RPS6KA5 -- PPP1R13L -- MAPK9 -- LYN -- IRF1 -- EIF4G2 -- HTRA2 -- HIP1 -- CDK4 -- OTUD7B -- RNF11 -- CASP10 -- PSEN1 -- SOD1 -- RPA4 -- SMPD1 -- TNIK -- HTT -- PELP1 -- BAX -- BAK1 -- BID -- FOXM1 -- PCNA -- PLAC8 -- CASP9 -- DIABLO
495,TNFRSF1A -- TNFRSF1B -- NFKB1 -- MAPK8 -- JUN -- FOS -- SIRT1 -- RB1 -- TNFAIP3 -- CCND1 -- TRAF1 -- MAPK14 -- RHOA -- RAC1 -- MAP2K7 -- MAP3K1 -- IGF1 -- MAP3K14 -- TRADD -- TNFRSF10B -- ATM -- CASP2 -- MDM2 -- CHUK -- RPS6KA5 -- PPP1R13L -- MAPK9 -- IRF1 -- EIF4G2 -- HTRA2 -- HIP1 -- CDK4 -- OTUD7B -- PSEN1 -- SOD1 -- HNRNPK -- RPA4 -- SMPD1 -- TNIK -- HTT -- CDKN2A -- PELP1 -- BAK1 -- EIF4E -- BID -- FOXM1 -- PCNA -- TAF1 -- PLAC8 -- CASP9 -- DIABLO -- APAF1
577,TNFRSF1A -- TNFRSF1B -- MAPK8 -- STAT1 -- JUN -- FOS -- SIRT1 -- TNFAIP3 -- TRAF1 -- MAPK14 -- RHOA -- RAC1 -- MAP2K7 -- MAP3K1 -- IGF1 -- VEGFA -- MAP3K14 -- TRADD -- ATM -- CASP2 -- CHUK -- RPS6KA5 -- PPP1R13L -- MAPK9 -- IRF1 -- EIF4G2 -- HTRA2 -- MYB -- HIP1 -- RNF11 -- CASP10 -- PSEN1 -- SOD1 -- HNRNPK -- CASP7 -- SMPD1 -- TNIK -- HTT -- BRCA1 -- CDKN2A -- PELP1 -- BAX -- BAK1 -- BID -- FOXM1 -- MCL1 -- PCNA -- TAF1 -- PLAC8 -- CASP9 -- DIABLO -- APAF1
190,TNFRSF1A -- TNFRSF1B -- MAPK8 -- JUN -- FOS -- SIRT1 -- RB1 -- TNFAIP3 -- CCND1 -- TRAF1 -- MAPK14 -- RHOA -- RAC1 -- MAP2K7 -- MAP3K1 -- MAP3K14 -- RET -- TRADD -- ATM -- CASP2 -- CHUK -- RPS6KA5 -- PPP1R13L -- MAPK9 -- IRF1 -- EIF4G2 -- HTRA2 -- MYB -- HIP1 -- RNF11 -- CASP10 -- PSEN1 -- SOD1 -- HNRNPK -- SMPD1 -- TNIK -- HTT -- BRCA1 -- CDKN2A -- BAX -- BAK1 -- BID -- FOXM1 -- PCNA -- PLAC8 -- CASP9 -- DIABLO -- APAF1
748,TNFRSF1A -- TNFRSF1B -- MAPK8 -- SIRT1 -- RB1 -- TNFAIP3 -- CCND1 -- TRAF1 -- MAPK14 -- RHOA -- RAC1 -- MAP2K7 -- MAP3K1 -- IGF1 -- MAP3K14 -- TRADD -- ATM -- CASP2 -- MDM2 -- CHUK -- RPS6KA5 -- PPP1R13L -- MAPK9 -- LYN -- IRF1 -- EIF4G2 -- HTRA2 -- HIP1 -- CDK4 -- OTUD7B -- RNF11 -- PSEN1 -- SOD1 -- RPA4 -- SMPD1 -- TNIK -- PELP1 -- BAX -- BAK1 -- BID -- FOXM1 -- PCNA -- TAF1 -- PLAC8 -- CASP9 -- DIABLO -- APAF1
752,TNFRSF1A -- TNFRSF1B -- MAPK8 -- STAT1 -- JUN -- FOS -- SIRT1 -- RB1 -- TNFAIP3 -- TRAF1 -- MAPK14 -- RHOA -- NR3C1 -- RAC1 -- MAP2K7 -- MAP3K1 -- VEGFA -- MAP3K14 -- RET -- TRADD -- TNFRSF10B -- ATM -- CASP2 -- CHUK -- RPS6KA5 -- PPP1R13L -- MAPK9 -- IRF1 -- EIF4G2 -- HTRA2 -- MYB -- HIP1 -- RNF11 -- CASP10 -- PSEN1 -- SOD1 -- HNRNPK -- SMPD1 -- TNIK -- HTT -- BRCA1 -- CDKN2A -- BAK1 -- BID -- PCNA -- PLAC8 -- CASP9 -- DIABLO -- APAF1 -- RASSF1
699,TNFRSF1A -- TNFRSF1B -- MAPK8 -- STAT1 -- JUN -- FOS -- BIRC2 -- BIRC3 -- SIRT1 -- TNFAIP3 -- TRAF1 -- MAPK14 -- RHOA -- NR3C1 -- TGFB2 -- RAC1 -- MAP2K7 -- MAP3K1 -- VEGFA -- RET -- TRADD -- ATM -- CHUK -- RPS6KA5 -- PPP1R13L -- MAPK9 -- IRF1 -- EIF4G2 -- MYB -- CYCS -- HIP1 -- RNF11 -- PSEN1 -- SOD1 -- HNRNPK -- SMPD1 -- TNIK -- BRCA1 -- CDKN2A -- BID -- MCL1 -- PCNA -- TAF1 -- PLAC8 -- DIABLO -- RASSF1
194,TNFRSF1A -- TNFRSF1B -- NFKB1 -- MAPK8 -- JUN -- SIRT1 -- RB1 -- TNFAIP3 -- CCND1 -- TRAF1 -- MAPK14 -- RHOA -- RAC1 -- MAP2K7 -- MAP3K1 -- IGF1 -- MAP3K14 -- TRADD -- TNFRSF10B -- CASP2 -- MDM2 -- CHUK -- RPS6KA5 -- PPP1R13L -- MAPK9 -- IRF1 -- EIF4G2 -- HTRA2 -- MYB -- HIP1 -- CDK4 -- OTUD7B -- RNF11 -- CASP10 -- PSEN1 -- SOD1 -- RPA4 -- SMPD1 -- TNIK -- HTT -- PELP1 -- BAX -- BAK1 -- BID -- FOXM1 -- PCNA -- PLAC8 -- CASP9 -- DIABLO -- APAF1
336,TNFRSF1A -- TNFRSF1B -- MAPK8 -- STAT1 -- JUN -- FOS -- SIRT1 -- TNFAIP3 -- TRAF1 -- MAPK14 -- RHOA -- TGFB2 -- RAC1 -- MAP2K7 -- MAP3K1 -- VEGFA -- MAP3K14 -- RET -- TRADD -- ATM -- CASP2 -- CHUK -- RPS6KA5 -- PPP1R13L -- MAPK9 -- IRF1 -- EIF4G2 -- HTRA2 -- MYB -- HIP1 -- OTUD7B -- RNF11 -- PSEN1 -- SOD1 -- HNRNPK -- SMPD1 -- TNIK -- HTT -- BRCA1 -- CDKN2A -- BAX -- BAK1 -- BID -- FOXM1 -- PCNA -- PLAC8 -- CASP9 -- DIABLO -- APAF1 -- RASSF1
580,TNFRSF1A -- TNFRSF1B -- MAPK8 -- JUN -- SIRT1 -- RB1 -- TNFAIP3 -- CCND1 -- TRAF1 -- MAPK14 -- RHOA -- TGFB2 -- RAC1 -- MAP2K7 -- MAP3K1 -- IGF1 -- MAP3K14 -- TRADD -- CASP2 -- MDM2 -- CHUK -- PPP1R13L -- MAPK9 -- IRF1 -- EIF4G2 -- HTRA2 -- MYB -- HIP1 -- CDK4 -- OTUD7B -- RNF11 -- CASP10 -- PSEN1 -- SOD1 -- RPA4 -- SMPD1 -- TNIK -- HTT -- PELP1 -- BAX -- BAK1 -- BID -- FOXM1 -- PCNA -- PLAC8 -- CASP9 -- DIABLO -- APAF1
615,NFKB1 -- MAPK8 -- BIRC2 -- BIRC3 -- SIRT1 -- MYC -- RB1 -- CCND1 -- MAPK14 -- PTMA -- IL2 -- RAC1 -- MAP2K7 -- MAP3K1 -- MAPK1 -- TNFRSF10B -- AKT1 -- MDM2 -- CHUK -- PPP1R13L -- MAPK9 -- LYN -- EIF4G2 -- CYCS -- CDK4 -- OTUD7B -- CASP10 -- PSEN1 -- RPA4 -- PELP1 -- BAK1 -- BID -- FOXM1 -- PCNA -- DIABLO -- RANGAP1
463,TNFRSF1A -- TNFRSF1B -- NFKB1 -- MAPK8 -- FOS -- SIRT1 -- RB1 -- TNFAIP3 -- CCND1 -- TRAF1 -- MAPK14 -- RHOA -- RAC1 -- MAP2K7 -- MAP3K1 -- IGF1 -- TRADD -- TNFRSF10B -- CASP2 -- MDM2 -- CHUK -- RPS6KA5 -- PPP1R13L -- MAPK9 -- IRF1 -- EIF4G2 -- HTRA2 -- HIP1 -- CDK4 -- OTUD7B -- RNF11 -- CASP10 -- PSEN1 -- SOD1 -- RPA4 -- SMPD1 -- TNIK -- HTT -- PELP1 -- BAX -- BAK1 -- BID -- FOXM1 -- PCNA -- PLAC8 -- CASP9 -- DIABLO -- APAF1
283,TNFRSF1A -- TNFRSF1B -- NFKB1 -- MAPK8 -- SIRT1 -- RB1 -- TNFAIP3 -- CCND1 -- TRAF1 -- MAPK14 -- RHOA -- RAC1 -- MAP2K7 -- MAP3K1 -- TRADD -- MDM2 -- CHUK -- PPP1R13L -- MAPK9 -- LYN -- IRF1 -- HTRA2 -- CYCS -- HIP1 -- CDK4 -- OTUD7B -- RNF11 -- PSEN1 -- SOD1 -- RPA4 -- SMPD1 -- TNIK -- PELP1 -- BAX -- BAK1 -- EIF4E -- BID -- FOXM1 -- PCNA -- PLAC8 -- DIABLO
423,TNFRSF1A -- TNFRSF1B -- MAPK8 -- STAT1 -- SIRT1 -- MYC -- TNFAIP3 -- MAPK14 -- RHOA -- RAC1 -- MAP2K7 -- MAP3K1 -- VEGFA -- RET -- TRADD -- CASP2 -- MDM2 -- CHUK -- PPP1R13L -- MAPK9 -- LYN -- IRF1 -- HTRA2 -- CYCS -- CDK4 -- RNF11 -- PSEN1 -- BAD -- SOD1 -- HNRNPK -- SMPD1 -- TNIK -- BAX -- BAK1 -- EIF4E -- BID -- FOXM1 -- PCNA -- TAF1 -- DIABLO
201,TNFRSF1A -- TNFRSF1B -- MAPK8 -- STAT1 -- JUN -- FOS -- BIRC2 -- SIRT1 -- TNFAIP3 -- TRAF1 -- MAPK14 -- RHOA -- NR3C1 -- TGFB2 -- RAC1 -- MAP2K7 -- MAP3K1 -- VEGFA -- MAP3K14 -- RET -- TRADD -- ATM -- CASP2 -- CHUK -- RPS6KA5 -- PPP1R13L -- MAPK9 -- IRF1 -- EIF4G2 -- MYB -- HIP1 -- RNF11 -- PSEN1 -- SOD1 -- HNRNPK -- CASP7 -- SMPD1 -- TNIK -- HTT -- BRCA1 -- CDKN2A -- BID -- MCL1 -- PCNA -- TAF1 -- PLAC8 -- DIABLO -- APAF1 -- RASSF1
335,TNFRSF1A -- TNFRSF1B -- MAPK8 -- STAT1 -- BIRC2 -- BIRC3 -- SIRT1 -- TNFAIP3 -- TRAF1 -- MAPK14 -- RHOA -- NR3C1 -- RAC1 -- MAP2K7 -- MAP3K1 -- VEGFA -- RET -- TRADD -- CHUK -- RPS6KA5 -- PPP1R13L -- MAPK9 -- LYN -- IRF1 -- MYB -- CYCS -- HIP1 -- CDK4 -- OTUD7B -- RNF11 -- PSEN1 -- SOD1 -- HNRNPK -- RPA4 -- SMPD1 -- TNIK -- BID -- TFDP1 -- MCL1 -- PCNA -- TAF1 -- PLAC8 -- DIABLO
324,TNFRSF1A -- TNFRSF1B -- NFKB1 -- MAPK8 -- STAT1 -- SIRT1 -- MYC -- RB1 -- TNFAIP3 -- CCND1 -- MAPK14 -- PTMA -- RHOA -- RAC1 -- MAP2K7 -- MAP3K1 -- IGF1 -- MAP3K14 -- TRADD -- TNFRSF10B -- ATM -- CASP2 -- MDM2 -- CHUK -- PPP1R13L -- MAPK9 -- IRF1 -- EIF4G2 -- HTRA2 -- CDK4 -- OTUD7B -- RNF11 -- CASP10 -- PSEN1 -- SOD1 -- RPA4 -- CASP7 -- SMPD1 -- TNIK -- HTT -- PELP1 -- EIF4E -- BID -- FOXM1 -- MCL1 -- PCNA -- TAF1 -- DIABLO -- APAF1 -- RANGAP1
204,TNFRSF1A -- TNFRSF1B -- MAPK8 -- STAT1 -- BIRC2 -- BIRC3 -- SIRT1 -- TNFAIP3 -- TRAF1 -- MAPK14 -- RHOA -- NR3C1 -- RAC1 -- MAP2K7 -- MAP3K1 -- VEGFA -- RET -- TRADD -- ATM -- CHUK -- RPS6KA5 -- PPP1R13L -- MAPK9 -- LYN -- IRF1 -- EIF4G2 -- CYCS -- HIP1 -- RNF11 -- PSEN1 -- SOD1 -- HNRNPK -- SMPD1 -- TNIK -- BRCA1 -- CDKN2A -- BID -- MCL1 -- PCNA -- TAF1 -- PLAC8 -- DIABLO -- RASSF1
269,MAPK8 -- SIRT1 -- RB1 -- CCND1 -- TRAF1 -- MAPK14 -- RAC1 -- MAP2K7 -- MAP3K1 -- MAP3K14 -- MAPK1 -- AKT1 -- ATM -- MDM2 -- CHUK -- RPS6KA5 -- PPP1R13L -- MAPK9 -- LYN -- IRF1 -- HTRA2 -- HIP1 -- CDK4 -- OTUD7B -- PARP1 -- PSEN1 -- RPA4 -- TNIK -- PELP1 -- BAX -- BAK1 -- EIF4E -- BID -- FOXM1 -- PCNA -- TAF1 -- PLAC8 -- DIABLO
789,TNFRSF1A -- TNFRSF1B -- MAPK8 -- STAT1 -- JUN -- FOS -- BIRC2 -- BIRC3 -- SIRT1 -- TNFAIP3 -- TRAF1 -- MAPK14 -- RHOA -- NR3C1 -- TGFB2 -- RAC1 -- MAP2K7 -- MAP3K1 -- VEGFA -- RET -- TRADD -- ATM -- CASP2 -- CHUK -- RPS6KA5 -- PPP1R13L -- MAPK9 -- LYN -- IRF1 -- EIF4G2 -- MYB -- CYCS -- HIP1 -- RNF11 -- PSEN1 -- SOD1 -- HNRNPK -- SMPD1 -- TNIK -- HTT -- BRCA1 -- CDKN2A -- BID -- MCL1 -- PCNA -- TAF1 -- PLAC8 -- DIABLO -- RASSF1
441,TNFRSF1A -- TNFRSF1B -- MAPK8 -- STAT1 -- JUN -- FOS -- BIRC3 -- SIRT1 -- TNFAIP3 -- TRAF1 -- MAPK14 -- RHOA -- NR3C1 -- RAC1 -- MAP2K7 -- MAP3K1 -- VEGFA -- MAP3K14 -- RET -- TRADD -- ATM -- CASP2 -- CHUK -- RPS6KA5 -- PPP1R13L -- MAPK9 -- LYN -- IRF1 -- EIF4G2 -- MYB -- CYCS -- HIP1 -- RNF11 -- PSEN1 -- SOD1 -- HNRNPK -- SMPD1 -- TNIK -- HTT -- BRCA1 -- CDKN2A -- BID -- MCL1 -- PCNA -- TAF1 -- PLAC8 -- DIABLO -- APAF1 -- RASSF1
503,TNFRSF1A -- TNFRSF1B -- MAPK8 -- STAT1 -- FOS -- BIRC2 -- BIRC3 -- SIRT1 -- TNFAIP3 -- TRAF1 -- MAPK14 -- RHOA -- NR3C1 -- TGFB2 -- RAC1 -- MAP2K7 -- MAP3K1 -- VEGFA -- MAP3K14 -- RET -- TRADD -- ATM -- CHUK -- RPS6KA5 -- PPP1R13L -- MAPK9 -- LYN -- IRF1 -- MYB -- HIP1 -- RNF11 -- PSEN1 -- SOD1 -- HNRNPK -- SMPD1 -- TNIK -- HTT -- CDKN2A -- BID -- MCL1 -- PCNA -- TAF1 -- PLAC8 -- DIABLO -- APAF1 -- RASSF1
470,TNFRSF1A -- TNFRSF1B -- MAPK8 -- STAT1 -- BIRC2 -- SIRT1 -- MYC -- TNFAIP3 -- MAPK14 -- PTMA -- RHOA -- RAC1 -- MAP2K7 -- MAP3K1 -- VEGFA -- RET -- TRADD -- MDM2 -- CHUK -- PPP1R13L -- MAPK9 -- LYN -- IRF1 -- HTRA2 -- CYCS -- CDK4 -- OTUD7B -- RNF11 -- PSEN1 -- BAD -- SOD1 -- HNRNPK -- SMPD1 -- TNIK -- PELP1 -- BAK1 -- EIF4E -- BID -- FOXM1 -- PCNA -- TAF1 -- DIABLO -- RANGAP1
210,TNFRSF1A -- TNFRSF1B -- MAPK8 -- STAT1 -- JUN -- FOS -- BIRC2 -- BIRC3 -- SIRT1 -- TNFAIP3 -- TRAF1 -- MAPK14 -- RHOA -- NR3C1 -- TGFB2 -- RAC1 -- MAP2K7 -- MAP3K1 -- VEGFA -- RET -- TRADD -- ATM -- CHUK -- RPS6KA5 -- PPP1R13L -- MAPK9 -- IRF1 -- MYB -- CYCS -- HIP1 -- RNF11 -- PSEN1 -- SOD1 -- HNRNPK -- SMPD1 -- TNIK -- BRCA1 -- CDKN2A -- EIF4E -- BID -- MCL1 -- PCNA -- TAF1 -- PLAC8 -- DIABLO -- RASSF1
437,TNFRSF1A -- TNFRSF1B -- MAPK8 -- STAT1 -- BIRC2 -- SIRT1 -- MYC -- TNFAIP3 -- MAPK14 -- PTMA -- RHOA -- NR3C1 -- RAC1 -- MAP2K7 -- MAP3K1 -- VEGFA -- TRADD -- MDM2 -- CHUK -- PPP1R13L -- MAPK9 -- LYN -- IRF1 -- CYCS -- CDK4 -- OTUD7B -- RNF11 -- PSEN1 -- BAD -- SOD1 -- HNRNPK -- RPA4 -- SMPD1 -- TNIK -- PELP1 -- EIF4E -- BID -- FOXM1 -- MCL1 -- PCNA -- TAF1 -- DIABLO -- RANGAP1
300,TNFRSF1A -- TNFRSF1B -- MAPK8 -- JUN -- FOS -- SIRT1 -- RB1 -- TNFAIP3 -- TRAF1 -- MAPK14 -- RHOA -- RAC1 -- MAP2K7 -- MAP3K1 -- MAP3K14 -- TRADD -- TNFRSF10B -- ATM -- CASP2 -- CHUK -- RPS6KA5 -- PPP1R13L -- MAPK9 -- IRF1 -- EIF4G2 -- HTRA2 -- MYB -- HIP1 -- CDK4 -- OTUD7B -- RNF11 -- CASP10 -- PSEN1 -- SOD1 -- RPA4 -- SMPD1 -- TNIK -- HTT -- CDKN2A -- PELP1 -- BAX -- BAK1 -- BID -- FOXM1 -- PCNA -- PLAC8 -- CASP9 -- DIABLO -- APAF1
585,TNFRSF1A -- TNFRSF1B -- MAPK8 -- STAT1 -- JUN -- FOS -- SIRT1 -- TNFAIP3 -- TRAF1 -- MAPK14 -- RHOA -- NR3C1 -- TGFB2 -- RAC1 -- MAP2K7 -- MAP3K1 -- VEGFA -- MAP3K14 -- TRADD -- ATM -- CASP2 -- MDM2 -- CHUK -- RPS6KA5 -- PPP1R13L -- MAPK9 -- IRF1 -- EIF4G2 -- HTRA2 -- MYB -- HIP1 -- RNF11 -- PSEN1 -- SOD1 -- CASP7 -- SMPD1 -- TNIK -- HTT -- BRCA1 -- CDKN2A -- BAX -- BID -- MCL1 -- PCNA -- TAF1 -- PLAC8 -- CASP9 -- DIABLO -- APAF1 -- RASSF1
487,NFKB1 -- STAT1 -- FASLG -- TNFAIP3 -- MAPK14 -- IL2 -- RAC1 -- MAP2K7 -- MAP3K1 -- IGF1 -- VEGFA -- MAP3K14 -- RET -- MAPK1 -- AKT1 -- ATM -- CHUK -- RPS6KA5 -- PPP1R13L -- MAPK9 -- LYN -- IRF1 -- HIP1 -- CDK4 -- OTUD7B -- PARP1 -- PSEN1 -- HNRNPK -- RPA4 -- BCL2L1 -- PELP1 -- EIF4E -- BID -- FOXM1 -- MCL1 -- CTBP1 -- PCNA -- TAF1 -- PLAC8 -- DIABLO
694,TNFRSF1A -- TNFRSF1B -- MAPK8 -- STAT1 -- BIRC2 -- BIRC3 -- SIRT1 -- TNFAIP3 -- TRAF1 -- MAPK14 -- RHOA -- NR3C1 -- TGFB2 -- RAC1 -- MAP2K7 -- MAP3K1 -- VEGFA -- RET -- TRADD -- CHUK -- RPS6KA5 -- PPP1R13L -- MAPK9 -- LYN -- IRF1 -- CYCS -- HIP1 -- CDK4 -- OTUD7B -- RNF11 -- PSEN1 -- SOD1 -- HNRNPK -- RPA4 -- SMPD1 -- TNIK -- BAK1 -- BID -- TFDP1 -- PCNA -- TAF1 -- PLAC8 -- DIABLO -- RASSF1
216,TNFRSF1A -- TNFRSF1B -- NFKB1 -- MAPK8 -- JUN -- SIRT1 -- RB1 -- TNFAIP3 -- CCND1 -- TRAF1 -- MAPK14 -- RHOA -- RAC1 -- MAP2K7 -- MAP3K1 -- IGF1 -- MAP3K14 -- TRADD -- TNFRSF10B -- ATM -- CASP2 -- MDM2 -- CHUK -- RPS6KA5 -- PPP1R13L -- MAPK9 -- IRF1 -- EIF4G2 -- HTRA2 -- HIP1 -- CDK4 -- OTUD7B -- RNF11 -- CASP10 -- PSEN1 -- SOD1 -- RPA4 -- SMPD1 -- TNIK -- HTT -- PELP1 -- BAX -- BAK1 -- BID -- FOXM1 -- PCNA -- PLAC8 -- CASP9 -- DIABLO -- APAF1
576,TNFRSF1A -- TNFRSF1B -- MAPK8 -- STAT1 -- BIRC2 -- SIRT1 -- MYC -- TNFAIP3 -- MAPK14 -- PTMA -- RHOA -- TGFB2 -- RAC1 -- MAP2K7 -- MAP3K1 -- VEGFA -- TRADD -- MDM2 -- CHUK -- PPP1R13L -- MAPK9 -- LYN -- IRF1 -- CYCS -- CDK4 -- OTUD7B -- RNF11 -- PSEN1 -- BAD -- SOD1 -- RPA4 -- SMPD1 -- TNIK -- PELP1 -- EIF4E -- BID -- FOXM1 -- MCL1 -- PCNA -- TAF1 -- DIABLO -- RANGAP1
218,TNFRSF1A -- TNFRSF1B -- MAPK8 -- SIRT1 -- RB1 -- TNFAIP3 -- CCND1 -- MAPK14 -- PTMA -- RHOA -- TGFB2 -- RAC1 -- MAP2K7 -- MAP3K1 -- IGF1 -- MAP3K14 -- RET -- TRADD -- TNFRSF10B -- CASP2 -- MDM2 -- CHUK -- PPP1R13L -- MAPK9 -- LYN -- IRF1 -- EIF4G2 -- HTRA2 -- HIP1 -- CDK4 -- OTUD7B -- RNF11 -- CASP10 -- PSEN1 -- SOD1 -- RPA4 -- SMPD1 -- TNIK -- HTT -- PELP1 -- BAX -- BAK1 -- BID -- FOXM1 -- PCNA -- PLAC8 -- DIABLO -- APAF1 -- RANGAP1
812,TNFRSF1A -- TNFRSF1B -- MAPK8 -- STAT1 -- JUN -- FOS -- SIRT1 -- TNFAIP3 -- TRAF1 -- MAPK14 -- RHOA -- NR3C1 -- TGFB2 -- RAC1 -- MAP2K7 -- MAP3K1 -- VEGFA -- MAP3K14 -- RET -- TRADD -- ATM -- CASP2 -- CHUK -- RPS6KA5 -- PPP1R13L -- MAPK9 -- IRF1 -- EIF4G2 -- MYB -- HIP1 -- RNF11 -- PSEN1 -- SOD1 -- HNRNPK -- CASP7 -- SMPD1 -- TNIK -- HTT -- BRCA1 -- CDKN2A -- BID -- MCL1 -- PCNA -- TAF1 -- PLAC8 -- CASP9 -- DIABLO -- APAF1 -- RASSF1
479,TNFRSF1A -- TNFRSF1B -- MAPK8 -- BIRC2 -- BIRC3 -- SIRT1 -- MYC -- TNFAIP3 -- CCND1 -- MAPK14 -- PTMA -- RHOA -- TGFB2 -- RAC1 -- MAP2K7 -- MAP3K1 -- TRADD -- TNFRSF10B -- ATM -- MDM2 -- CHUK -- PPP1R13L -- MAPK9 -- LYN -- IRF1 -- EIF4G2 -- HTRA2 -- CYCS -- CDK4 -- OTUD7B -- RNF11 -- CASP10 -- PSEN1 -- SOD1 -- RPA4 -- SMPD1 -- TNIK -- PELP1 -- BAK1 -- EIF4E -- BID -- FOXM1 -- PCNA -- TAF1 -- DIABLO -- RANGAP1
438,TNFRSF1A -- TNFRSF1B -- MAPK8 -- JUN -- SIRT1 -- RB1 -- TNFAIP3 -- CCND1 -- TRAF1 -- MAPK14 -- RHOA -- NR3C1 -- RAC1 -- MAP2K7 -- MAP3K1 -- MAP3K14 -- TRADD -- ATM -- CASP2 -- MDM2 -- CHUK -- RPS6KA5 -- PPP1R13L -- MAPK9 -- IRF1 -- EIF4G2 -- HTRA2 -- HIP1 -- OTUD7B -- RNF11 -- CASP10 -- PSEN1 -- SOD1 -- SMPD1 -- TNIK -- HTT -- BRCA1 -- CDKN2A -- BAX -- BAK1 -- BID -- FOXM1 -- PCNA -- PLAC8 -- CASP9 -- DIABLO -- APAF1
406,TNFRSF1A -- TNFRSF1B -- NFKB1 -- MAPK8 -- BIRC2 -- BIRC3 -- SIRT1 -- RB1 -- TNFAIP3 -- CCND1 -- TRAF1 -- MAPK14 -- RHOA -- RAC1 -- MAP2K7 -- MAP3K1 -- IGF1 -- TRADD -- TNFRSF10B -- ATM -- MDM2 -- CHUK -- RPS6KA5 -- PPP1R13L -- MAPK9 -- LYN -- IRF1 -- EIF4G2 -- HTRA2 -- CYCS -- HIP1 -- CDK4 -- OTUD7B -- RNF11 -- CASP10 -- PSEN1 -- SOD1 -- RPA4 -- SMPD1 -- TNIK -- PELP1 -- BAK1 -- BID -- FOXM1 -- PCNA -- TAF1 -- PLAC8 -- DIABLO
799,TNFRSF1A -- TNFRSF1B -- NFKB1 -- MAPK8 -- STAT1 -- BIRC2 -- SIRT1 -- MYC -- TNFAIP3 -- CCND1 -- MAPK14 -- PTMA -- RHOA -- TGFB2 -- RAC1 -- MAP2K7 -- MAP3K1 -- VEGFA -- TRADD -- TNFRSF10B -- ATM -- MDM2 -- CHUK -- PPP1R13L -- MAPK9 -- LYN -- IRF1 -- CYCS -- CDK4 -- RNF11 -- PSEN1 -- SOD1 -- SMPD1 -- TNIK -- PELP1 -- EIF4E -- BID -- FOXM1 -- MCL1 -- PCNA -- TAF1 -- DIABLO -- RANGAP1
224,TNFRSF1A -- TNFRSF1B -- MAPK8 -- BIRC2 -- BIRC3 -- SIRT1 -- MYC -- RB1 -- TNFAIP3 -- CCND1 -- MAPK14 -- PTMA -- RHOA -- RAC1 -- MAP2K7 -- MAP3K1 -- IGF1 -- RET -- TRADD -- TNFRSF10B -- ATM -- MDM2 -- CHUK -- PPP1R13L -- MAPK9 -- LYN -- IRF1 -- EIF4G2 -- HTRA2 -- CYCS -- CDK4 -- OTUD7B -- RNF11 -- CASP10 -- PSEN1 -- BAD -- SOD1 -- RPA4 -- SMPD1 -- TNIK -- PELP1 -- BAK1 -- EIF4E -- BID -- FOXM1 -- PCNA -- DIABLO -- RANGAP1
225,TNFRSF1A -- TNFRSF1B -- MAPK8 -- STAT1 -- JUN -- FOS -- BIRC2 -- BIRC3 -- SIRT1 -- TNFAIP3 -- TRAF1 -- MAPK14 -- RHOA -- NR3C1 -- TGFB2 -- RAC1 -- MAP2K7 -- MAP3K1 -- VEGFA -- RET -- TRADD -- ATM -- CHUK -- RPS6KA5 -- PPP1R13L -- MAPK9 -- IRF1 -- EIF4G2 -- MYB -- HIP1 -- RNF11 -- PSEN1 -- SOD1 -- HNRNPK -- SMPD1 -- TNIK -- HTT -- BRCA1 -- CDKN2A -- BID -- MCL1 -- PCNA -- TAF1 -- PLAC8 -- CASP9 -- DIABLO -- RASSF1
749,TNFRSF1A -- TNFRSF1B -- NFKB1 -- MAPK8 -- STAT1 -- JUN -- FOS -- SIRT1 -- TNFAIP3 -- CCND1 -- MAPK14 -- PTMA -- RHOA -- RAC1 -- MAP2K7 -- MAP3K1 -- IGF1 -- MAP3K14 -- TRADD -- TNFRSF10B -- ATM -- CASP2 -- MDM2 -- CHUK -- PPP1R13L -- MAPK9 -- IRF1 -- EIF4G2 -- HTRA2 -- CDK4 -- OTUD7B -- RNF11 -- CASP10 -- PSEN1 -- SOD1 -- RPA4 -- CASP7 -- SMPD1 -- TNIK -- HTT -- PELP1 -- BAX -- EIF4E -- BID -- FOXM1 -- MCL1 -- PCNA -- TAF1 -- DIABLO -- APAF1
227,TNFRSF1A -- TNFRSF1B -- NFKB1 -- MAPK8 -- BIRC3 -- SIRT1 -- RB1 -- TNFAIP3 -- CCND1 -- TRAF1 -- MAPK14 -- RHOA -- RAC1 -- MAP2K7 -- MAP3K1 -- RET -- TRADD -- CHUK -- RPS6KA5 -- PPP1R13L -- MAPK9 -- LYN -- IRF1 -- HTRA2 -- CYCS -- HIP1 -- CDK4 -- OTUD7B -- RNF11 -- PSEN1 -- SOD1 -- HNRNPK -- RPA4 -- SMPD1 -- TNIK -- PELP1 -- BAX -- BAK1 -- EIF4E -- BID -- FOXM1 -- PCNA -- PLAC8 -- DIABLO
279,TNFRSF1A -- TNFRSF1B -- NFKB1 -- MAPK8 -- SIRT1 -- RB1 -- TNFAIP3 -- CCND1 -- TRAF1 -- MAPK14 -- PTMA -- RHOA -- RAC1 -- MAP2K7 -- MAP3K1 -- IGF1 -- TRADD -- TNFRSF10B -- ATM -- MDM2 -- CHUK -- RPS6KA5 -- PPP1R13L -- MAPK9 -- LYN -- IRF1 -- EIF4G2 -- HTRA2 -- HIP1 -- CDK4 -- OTUD7B -- RNF11 -- CASP10 -- PSEN1 -- SOD1 -- RPA4 -- SMPD1 -- TNIK -- PELP1 -- BAX -- BAK1 -- BID -- FOXM1 -- PCNA -- PLAC8 -- DIABLO
787,TNFRSF1A -- TNFRSF1B -- MAPK8 -- STAT1 -- JUN -- FOS -- SIRT1 -- TNFAIP3 -- TRAF1 -- MAPK14 -- RHOA -- TGFB2 -- RAC1 -- MAP2K7 -- MAP3K1 -- VEGFA -- MAP3K14 -- RET -- TRADD -- ATM -- CASP2 -- CHUK -- RPS6KA5 -- PPP1R13L -- MAPK9 -- IRF1 -- EIF4G2 -- HTRA2 -- MYB -- HIP1 -- RNF11 -- PSEN1 -- SOD1 -- HNRNPK -- RPA4 -- SMPD1 -- TNIK -- HTT -- BRCA1 -- CDKN2A -- BAX -- BAK1 -- BID -- PCNA -- TAF1 -- PLAC8 -- CASP9 -- DIABLO -- APAF1 -- RASSF1
230,TNFRSF1A -- TNFRSF1B -- MAPK8 -- STAT1 -- BIRC2 -- SIRT1 -- MYC -- TNFAIP3 -- MAPK14 -- PTMA -- RHOA -- NR3C1 -- RAC1 -- MAP2K7 -- MAP3K1 -- VEGFA -- TRADD -- MDM2 -- CHUK -- PPP1R13L -- MAPK9 -- LYN -- IRF1 -- CYCS -- CDK4 -- OTUD7B -- RNF11 -- PSEN1 -- BAD -- SOD1 -- RPA4 -- SMPD1 -- TNIK -- PELP1 -- EIF4E -- BID -- FOXM1 -- MCL1 -- PCNA -- TAF1 -- DIABLO -- RANGAP1
386,TNFRSF1A -- TNFRSF1B -- MAPK8 -- STAT1 -- BIRC2 -- SIRT1 -- MYC -- TNFAIP3 -- MAPK14 -- PTMA -- RHOA -- NR3C1 -- RAC1 -- MAP2K7 -- MAP3K1 -- IGF1 -- VEGFA -- TRADD -- MDM2 -- CHUK -- RPS6KA5 -- PPP1R13L -- MAPK9 -- LYN -- IRF1 -- CYCS -- CDK4 -- OTUD7B -- RNF11 -- PSEN1 -- SOD1 -- HNRNPK -- RPA4 -- SMPD1 -- TNIK -- PELP1 -- EIF4E -- BID -- FOXM1 -- MCL1 -- PCNA -- TAF1 -- DIABLO -- RANGAP1
568,TNFRSF1A -- TNFRSF1B -- MAPK8 -- BIRC2 -- SIRT1 -- MYC -- RB1 -- TNFAIP3 -- CCND1 -- MAPK14 -- PTMA -- RHOA -- TGFB2 -- RAC1 -- MAP2K7 -- MAP3K1 -- TRADD -- MDM2 -- CHUK -- PPP1R13L -- MAPK9 -- LYN -- IRF1 -- EIF4G2 -- CYCS -- CDK4 -- OTUD7B -- RNF11 -- CASP10 -- PSEN1 -- SOD1 -- RPA4 -- SMPD1 -- TNIK -- PELP1 -- BAX -- BID -- FOXM1 -- PCNA -- TAF1 -- DIABLO -- RANGAP1
