x,y,z,type,volume,cycle entry,custom:GFP,custom:sample
-81.61096990393702,-235.4170822218187,0.0,cancer_cell
-64.77206689433072,-235.4170822218187,0.0,cancer_cell
-47.93316388472442,-235.4170822218187,0.0,cancer_cell
-31.094260875118124,-235.4170822218187,0.0,cancer_cell
-14.255357865511826,-235.4170822218187,0.0,cancer_cell
2.5835451440944723,-235.4170822218187,0.0,cancer_cell
19.42244815370077,-235.4170822218187,0.0,cancer_cell
36.26135116330704,-235.4170822218187,0.0,cancer_cell
53.10025417291337,-235.4170822218187,0.0,cancer_cell
69.9391571825197,-235.4170822218187,0.0,cancer_cell
-106.86932441834647,-220.8341644436374,0.0,cancer_cell
-90.03042140874017,-220.8341644436374,0.0,cancer_cell
-73.19151839913387,-220.8341644436374,0.0,cancer_cell
-56.35261538952757,-220.8341644436374,0.0,cancer_cell
-39.51371237992127,-220.8341644436374,0.0,cancer_cell
-22.674809370314975,-220.8341644436374,0.0,cancer_cell
-5.8359063607086785,-220.8341644436374,0.0,cancer_cell
11.00299664889762,-220.8341644436374,0.0,cancer_cell
27.84189965850392,-220.8341644436374,0.0,cancer_cell
44.68080266811019,-220.8341644436374,0.0,cancer_cell
61.519705677716516,-220.8341644436374,0.0,cancer_cell
78.35860868732284,-220.8341644436374,0.0,cancer_cell
95.19751169692911,-220.8341644436374,0.0,cancer_cell
112.03641470653538,-220.8341644436374,0.0,cancer_cell
-132.1276789327559,-206.2512466654561,0.0,cancer_cell
-115.28877592314961,-206.2512466654561,0.0,cancer_cell
-98.44987291354332,-206.2512466654561,0.0,cancer_cell
-81.61096990393702,-206.2512466654561,0.0,cancer_cell
-64.77206689433072,-206.2512466654561,0.0,cancer_cell
-47.93316388472442,-206.2512466654561,0.0,cancer_cell
-31.094260875118124,-206.2512466654561,0.0,cancer_cell
-14.255357865511826,-206.2512466654561,0.0,cancer_cell
2.5835451440944723,-206.2512466654561,0.0,cancer_cell
19.42244815370077,-206.2512466654561,0.0,cancer_cell
36.26135116330704,-206.2512466654561,0.0,cancer_cell
53.10025417291337,-206.2512466654561,0.0,cancer_cell
69.9391571825197,-206.2512466654561,0.0,cancer_cell
86.77806019212596,-206.2512466654561,0.0,cancer_cell
103.61696320173223,-206.2512466654561,0.0,cancer_cell
120.45586621133856,-206.2512466654561,0.0,cancer_cell
137.2947692209449,-206.2512466654561,0.0,cancer_cell
-157.38603344716537,-191.6683288872748,0.0,cancer_cell
-140.54713043755908,-191.6683288872748,0.0,cancer_cell
-123.70822742795276,-191.6683288872748,0.0,cancer_cell
-106.86932441834647,-191.6683288872748,0.0,cancer_cell
-90.03042140874017,-191.6683288872748,0.0,cancer_cell
-73.19151839913387,-191.6683288872748,0.0,cancer_cell
-56.35261538952757,-191.6683288872748,0.0,cancer_cell
-39.51371237992127,-191.6683288872748,0.0,cancer_cell
-22.674809370314975,-191.6683288872748,0.0,cancer_cell
-5.8359063607086785,-191.6683288872748,0.0,cancer_cell
11.00299664889762,-191.6683288872748,0.0,cancer_cell
27.84189965850392,-191.6683288872748,0.0,cancer_cell
44.68080266811019,-191.6683288872748,0.0,cancer_cell
61.519705677716516,-191.6683288872748,0.0,cancer_cell
78.35860868732284,-191.6683288872748,0.0,cancer_cell
95.19751169692911,-191.6683288872748,0.0,cancer_cell
112.03641470653538,-191.6683288872748,0.0,cancer_cell
128.8753177161417,-191.6683288872748,0.0,cancer_cell
145.71422072574802,-191.6683288872748,0.0,cancer_cell
-165.8054849519685,-177.0854111090935,0.0,cancer_cell
-148.9665819423622,-177.0854111090935,0.0,cancer_cell
-132.1276789327559,-177.0854111090935,0.0,cancer_cell
-115.28877592314961,-177.0854111090935,0.0,cancer_cell
-98.44987291354332,-177.0854111090935,0.0,cancer_cell
-81.61096990393702,-177.0854111090935,0.0,cancer_cell
-64.77206689433072,-177.0854111090935,0.0,cancer_cell
-47.93316388472442,-177.0854111090935,0.0,cancer_cell
-31.094260875118124,-177.0854111090935,0.0,cancer_cell
-14.255357865511826,-177.0854111090935,0.0,cancer_cell
2.5835451440944723,-177.0854111090935,0.0,cancer_cell
19.42244815370077,-177.0854111090935,0.0,cancer_cell
36.26135116330704,-177.0854111090935,0.0,cancer_cell
53.10025417291337,-177.0854111090935,0.0,cancer_cell
69.9391571825197,-177.0854111090935,0.0,cancer_cell
86.77806019212596,-177.0854111090935,0.0,cancer_cell
103.61696320173223,-177.0854111090935,0.0,cancer_cell
120.45586621133856,-177.0854111090935,0.0,cancer_cell
137.2947692209449,-177.0854111090935,0.0,cancer_cell
154.13367223055116,-177.0854111090935,0.0,cancer_cell
170.97257524015743,-177.0854111090935,0.0,cancer_cell
-174.22493645677167,-162.50249333091222,0.0,cancer_cell
-157.38603344716537,-162.50249333091222,0.0,cancer_cell
-140.54713043755908,-162.50249333091222,0.0,cancer_cell
-123.70822742795276,-162.50249333091222,0.0,cancer_cell
-106.86932441834647,-162.50249333091222,0.0,cancer_cell
-90.03042140874017,-162.50249333091222,0.0,cancer_cell
-73.19151839913387,-162.50249333091222,0.0,cancer_cell
-56.35261538952757,-162.50249333091222,0.0,cancer_cell
-39.51371237992127,-162.50249333091222,0.0,cancer_cell
-22.674809370314975,-162.50249333091222,0.0,cancer_cell
-5.8359063607086785,-162.50249333091222,0.0,cancer_cell
11.00299664889762,-162.50249333091222,0.0,cancer_cell
27.84189965850392,-162.50249333091222,0.0,cancer_cell
44.68080266811019,-162.50249333091222,0.0,cancer_cell
61.519705677716516,-162.50249333091222,0.0,cancer_cell
78.35860868732284,-162.50249333091222,0.0,cancer_cell
95.19751169692911,-162.50249333091222,0.0,cancer_cell
112.03641470653538,-162.50249333091222,0.0,cancer_cell
128.8753177161417,-162.50249333091222,0.0,cancer_cell
145.71422072574802,-162.50249333091222,0.0,cancer_cell
162.5531237353543,-162.50249333091222,0.0,cancer_cell
179.39202674496056,-162.50249333091222,0.0,cancer_cell
-199.4832909711811,-147.91957555273092,0.0,cancer_cell
-182.6443879615748,-147.91957555273092,0.0,cancer_cell
-165.8054849519685,-147.91957555273092,0.0,cancer_cell
-148.9665819423622,-147.91957555273092,0.0,cancer_cell
-132.1276789327559,-147.91957555273092,0.0,cancer_cell
-115.28877592314961,-147.91957555273092,0.0,cancer_cell
-98.44987291354332,-147.91957555273092,0.0,cancer_cell
-81.61096990393702,-147.91957555273092,0.0,cancer_cell
-64.77206689433072,-147.91957555273092,0.0,cancer_cell
-47.93316388472442,-147.91957555273092,0.0,cancer_cell
-31.094260875118124,-147.91957555273092,0.0,cancer_cell
-14.255357865511826,-147.91957555273092,0.0,cancer_cell
2.5835451440944723,-147.91957555273092,0.0,cancer_cell
19.42244815370077,-147.91957555273092,0.0,cancer_cell
36.26135116330704,-147.91957555273092,0.0,cancer_cell
53.10025417291337,-147.91957555273092,0.0,cancer_cell
69.9391571825197,-147.91957555273092,0.0,cancer_cell
86.77806019212596,-147.91957555273092,0.0,cancer_cell
103.61696320173223,-147.91957555273092,0.0,cancer_cell
120.45586621133856,-147.91957555273092,0.0,cancer_cell
137.2947692209449,-147.91957555273092,0.0,cancer_cell
154.13367223055116,-147.91957555273092,0.0,cancer_cell
170.97257524015743,-147.91957555273092,0.0,cancer_cell
187.81147824976375,-147.91957555273092,0.0,cancer_cell
-207.90274247598427,-133.33665777454962,0.0,cancer_cell
-191.06383946637797,-133.33665777454962,0.0,cancer_cell
-174.22493645677167,-133.33665777454962,0.0,cancer_cell
-157.38603344716537,-133.33665777454962,0.0,cancer_cell
-140.54713043755908,-133.33665777454962,0.0,cancer_cell
-123.70822742795276,-133.33665777454962,0.0,cancer_cell
-106.86932441834647,-133.33665777454962,0.0,cancer_cell
-90.03042140874017,-133.33665777454962,0.0,cancer_cell
-73.19151839913387,-133.33665777454962,0.0,cancer_cell
-56.35261538952757,-133.33665777454962,0.0,cancer_cell
-39.51371237992127,-133.33665777454962,0.0,cancer_cell
-22.674809370314975,-133.33665777454962,0.0,cancer_cell
-5.8359063607086785,-133.33665777454962,0.0,cancer_cell
11.00299664889762,-133.33665777454962,0.0,cancer_cell
27.84189965850392,-133.33665777454962,0.0,cancer_cell
44.68080266811019,-133.33665777454962,0.0,cancer_cell
61.519705677716516,-133.33665777454962,0.0,cancer_cell
78.35860868732284,-133.33665777454962,0.0,cancer_cell
95.19751169692911,-133.33665777454962,0.0,cancer_cell
112.03641470653538,-133.33665777454962,0.0,cancer_cell
128.8753177161417,-133.33665777454962,0.0,cancer_cell
145.71422072574802,-133.33665777454962,0.0,cancer_cell
162.5531237353543,-133.33665777454962,0.0,cancer_cell
179.39202674496056,-133.33665777454962,0.0,cancer_cell
196.2309297545669,-133.33665777454962,0.0,cancer_cell
-216.3221939807874,-118.75373999636832,0.0,cancer_cell
-199.4832909711811,-118.75373999636832,0.0,cancer_cell
-182.6443879615748,-118.75373999636832,0.0,cancer_cell
-165.8054849519685,-118.75373999636832,0.0,cancer_cell
-148.9665819423622,-118.75373999636832,0.0,cancer_cell
-132.1276789327559,-118.75373999636832,0.0,cancer_cell
-115.28877592314961,-118.75373999636832,0.0,cancer_cell
-98.44987291354332,-118.75373999636832,0.0,cancer_cell
-81.61096990393702,-118.75373999636832,0.0,cancer_cell
-64.77206689433072,-118.75373999636832,0.0,cancer_cell
-47.93316388472442,-118.75373999636832,0.0,cancer_cell
-31.094260875118124,-118.75373999636832,0.0,cancer_cell
-14.255357865511826,-118.75373999636832,0.0,cancer_cell
2.5835451440944723,-118.75373999636832,0.0,cancer_cell
19.42244815370077,-118.75373999636832,0.0,cancer_cell
36.26135116330704,-118.75373999636832,0.0,cancer_cell
53.10025417291337,-118.75373999636832,0.0,cancer_cell
69.9391571825197,-118.75373999636832,0.0,cancer_cell
86.77806019212596,-118.75373999636832,0.0,cancer_cell
103.61696320173223,-118.75373999636832,0.0,cancer_cell
120.45586621133856,-118.75373999636832,0.0,cancer_cell
137.2947692209449,-118.75373999636832,0.0,cancer_cell
154.13367223055116,-118.75373999636832,0.0,cancer_cell
170.97257524015743,-118.75373999636832,0.0,cancer_cell
187.81147824976375,-118.75373999636832,0.0,cancer_cell
204.65038125937008,-118.75373999636832,0.0,cancer_cell
-224.74164548559057,-104.17082221818703,0.0,cancer_cell
-207.90274247598427,-104.17082221818703,0.0,cancer_cell
-191.06383946637797,-104.17082221818703,0.0,cancer_cell
-174.22493645677167,-104.17082221818703,0.0,cancer_cell
-157.38603344716537,-104.17082221818703,0.0,cancer_cell
-140.54713043755908,-104.17082221818703,0.0,cancer_cell
-123.70822742795276,-104.17082221818703,0.0,cancer_cell
-106.86932441834647,-104.17082221818703,0.0,cancer_cell
-90.03042140874017,-104.17082221818703,0.0,cancer_cell
-73.19151839913387,-104.17082221818703,0.0,cancer_cell
-56.35261538952757,-104.17082221818703,0.0,cancer_cell
-39.51371237992127,-104.17082221818703,0.0,cancer_cell
-22.674809370314975,-104.17082221818703,0.0,cancer_cell
-5.8359063607086785,-104.17082221818703,0.0,cancer_cell
11.00299664889762,-104.17082221818703,0.0,cancer_cell
27.84189965850392,-104.17082221818703,0.0,cancer_cell
44.68080266811019,-104.17082221818703,0.0,cancer_cell
61.519705677716516,-104.17082221818703,0.0,cancer_cell
78.35860868732284,-104.17082221818703,0.0,cancer_cell
95.19751169692911,-104.17082221818703,0.0,cancer_cell
112.03641470653538,-104.17082221818703,0.0,cancer_cell
128.8753177161417,-104.17082221818703,0.0,cancer_cell
145.71422072574802,-104.17082221818703,0.0,cancer_cell
162.5531237353543,-104.17082221818703,0.0,cancer_cell
179.39202674496056,-104.17082221818703,0.0,cancer_cell
196.2309297545669,-104.17082221818703,0.0,cancer_cell
213.0698327641732,-104.17082221818703,0.0,cancer_cell
-233.1610969903937,-89.58790444000573,0.0,cancer_cell
-216.3221939807874,-89.58790444000573,0.0,cancer_cell
-199.4832909711811,-89.58790444000573,0.0,cancer_cell
-182.6443879615748,-89.58790444000573,0.0,cancer_cell
-165.8054849519685,-89.58790444000573,0.0,cancer_cell
-148.9665819423622,-89.58790444000573,0.0,cancer_cell
-132.1276789327559,-89.58790444000573,0.0,cancer_cell
-115.28877592314961,-89.58790444000573,0.0,cancer_cell
-98.44987291354332,-89.58790444000573,0.0,cancer_cell
-81.61096990393702,-89.58790444000573,0.0,cancer_cell
-64.77206689433072,-89.58790444000573,0.0,cancer_cell
-47.93316388472442,-89.58790444000573,0.0,cancer_cell
-31.094260875118124,-89.58790444000573,0.0,cancer_cell
-14.255357865511826,-89.58790444000573,0.0,cancer_cell
2.5835451440944723,-89.58790444000573,0.0,cancer_cell
19.42244815370077,-89.58790444000573,0.0,cancer_cell
36.26135116330704,-89.58790444000573,0.0,cancer_cell
53.10025417291337,-89.58790444000573,0.0,cancer_cell
69.9391571825197,-89.58790444000573,0.0,cancer_cell
86.77806019212596,-89.58790444000573,0.0,cancer_cell
103.61696320173223,-89.58790444000573,0.0,cancer_cell
120.45586621133856,-89.58790444000573,0.0,cancer_cell
137.2947692209449,-89.58790444000573,0.0,cancer_cell
154.13367223055116,-89.58790444000573,0.0,cancer_cell
170.97257524015743,-89.58790444000573,0.0,cancer_cell
187.81147824976375,-89.58790444000573,0.0,cancer_cell
204.65038125937008,-89.58790444000573,0.0,cancer_cell
221.48928426897635,-89.58790444000573,0.0,cancer_cell
-224.74164548559057,-75.00498666182443,0.0,cancer_cell
-207.90274247598427,-75.00498666182443,0.0,cancer_cell
-191.06383946637797,-75.00498666182443,0.0,cancer_cell
-174.22493645677167,-75.00498666182443,0.0,cancer_cell
-157.38603344716537,-75.00498666182443,0.0,cancer_cell
-140.54713043755908,-75.00498666182443,0.0,cancer_cell
-123.70822742795276,-75.00498666182443,0.0,cancer_cell
-106.86932441834647,-75.00498666182443,0.0,cancer_cell
-90.03042140874017,-75.00498666182443,0.0,cancer_cell
-73.19151839913387,-75.00498666182443,0.0,cancer_cell
-56.35261538952757,-75.00498666182443,0.0,cancer_cell
-39.51371237992127,-75.00498666182443,0.0,cancer_cell
-22.674809370314975,-75.00498666182443,0.0,cancer_cell
-5.8359063607086785,-75.00498666182443,0.0,cancer_cell
11.00299664889762,-75.00498666182443,0.0,cancer_cell
27.84189965850392,-75.00498666182443,0.0,cancer_cell
44.68080266811019,-75.00498666182443,0.0,cancer_cell
61.519705677716516,-75.00498666182443,0.0,cancer_cell
78.35860868732284,-75.00498666182443,0.0,cancer_cell
95.19751169692911,-75.00498666182443,0.0,cancer_cell
112.03641470653538,-75.00498666182443,0.0,cancer_cell
128.8753177161417,-75.00498666182443,0.0,cancer_cell
145.71422072574802,-75.00498666182443,0.0,cancer_cell
162.5531237353543,-75.00498666182443,0.0,cancer_cell
179.39202674496056,-75.00498666182443,0.0,cancer_cell
196.2309297545669,-75.00498666182443,0.0,cancer_cell
213.0698327641732,-75.00498666182443,0.0,cancer_cell
229.90873577377948,-75.00498666182443,0.0,cancer_cell
-233.1610969903937,-60.422068883643135,0.0,cancer_cell
-216.3221939807874,-60.422068883643135,0.0,cancer_cell
-199.4832909711811,-60.422068883643135,0.0,cancer_cell
-182.6443879615748,-60.422068883643135,0.0,cancer_cell
-165.8054849519685,-60.422068883643135,0.0,cancer_cell
-148.9665819423622,-60.422068883643135,0.0,cancer_cell
-132.1276789327559,-60.422068883643135,0.0,cancer_cell
-115.28877592314961,-60.422068883643135,0.0,cancer_cell
-98.44987291354332,-60.422068883643135,0.0,cancer_cell
-81.61096990393702,-60.422068883643135,0.0,cancer_cell
-64.77206689433072,-60.422068883643135,0.0,cancer_cell
-47.93316388472442,-60.422068883643135,0.0,cancer_cell
-31.094260875118124,-60.422068883643135,0.0,cancer_cell
-14.255357865511826,-60.422068883643135,0.0,cancer_cell
2.5835451440944723,-60.422068883643135,0.0,cancer_cell
19.42244815370077,-60.422068883643135,0.0,cancer_cell
36.26135116330704,-60.422068883643135,0.0,cancer_cell
53.10025417291337,-60.422068883643135,0.0,cancer_cell
69.9391571825197,-60.422068883643135,0.0,cancer_cell
86.77806019212596,-60.422068883643135,0.0,cancer_cell
103.61696320173223,-60.422068883643135,0.0,cancer_cell
120.45586621133856,-60.422068883643135,0.0,cancer_cell
137.2947692209449,-60.422068883643135,0.0,cancer_cell
154.13367223055116,-60.422068883643135,0.0,cancer_cell
170.97257524015743,-60.422068883643135,0.0,cancer_cell
187.81147824976375,-60.422068883643135,0.0,cancer_cell
204.65038125937008,-60.422068883643135,0.0,cancer_cell
221.48928426897635,-60.422068883643135,0.0,cancer_cell
238.32818727858262,-60.422068883643135,0.0,cancer_cell
-241.58054849519687,-45.83915110546184,0.0,cancer_cell
-224.74164548559057,-45.83915110546184,0.0,cancer_cell
-207.90274247598427,-45.83915110546184,0.0,cancer_cell
-191.06383946637797,-45.83915110546184,0.0,cancer_cell
-174.22493645677167,-45.83915110546184,0.0,cancer_cell
-157.38603344716537,-45.83915110546184,0.0,cancer_cell
-140.54713043755908,-45.83915110546184,0.0,cancer_cell
-123.70822742795276,-45.83915110546184,0.0,cancer_cell
-106.86932441834647,-45.83915110546184,0.0,cancer_cell
-90.03042140874017,-45.83915110546184,0.0,cancer_cell
-73.19151839913387,-45.83915110546184,0.0,cancer_cell
-56.35261538952757,-45.83915110546184,0.0,cancer_cell
-39.51371237992127,-45.83915110546184,0.0,cancer_cell
-22.674809370314975,-45.83915110546184,0.0,cancer_cell
-5.8359063607086785,-45.83915110546184,0.0,cancer_cell
11.00299664889762,-45.83915110546184,0.0,cancer_cell
27.84189965850392,-45.83915110546184,0.0,cancer_cell
44.68080266811019,-45.83915110546184,0.0,cancer_cell
61.519705677716516,-45.83915110546184,0.0,cancer_cell
78.35860868732284,-45.83915110546184,0.0,cancer_cell
95.19751169692911,-45.83915110546184,0.0,cancer_cell
112.03641470653538,-45.83915110546184,0.0,cancer_cell
128.8753177161417,-45.83915110546184,0.0,cancer_cell
145.71422072574802,-45.83915110546184,0.0,cancer_cell
162.5531237353543,-45.83915110546184,0.0,cancer_cell
179.39202674496056,-45.83915110546184,0.0,cancer_cell
196.2309297545669,-45.83915110546184,0.0,cancer_cell
213.0698327641732,-45.83915110546184,0.0,cancer_cell
229.90873577377948,-45.83915110546184,0.0,cancer_cell
-233.1610969903937,-31.25623332728054,0.0,cancer_cell
-216.3221939807874,-31.25623332728054,0.0,cancer_cell
-199.4832909711811,-31.25623332728054,0.0,cancer_cell
-182.6443879615748,-31.25623332728054,0.0,cancer_cell
-165.8054849519685,-31.25623332728054,0.0,cancer_cell
-148.9665819423622,-31.25623332728054,0.0,cancer_cell
-132.1276789327559,-31.25623332728054,0.0,cancer_cell
-115.28877592314961,-31.25623332728054,0.0,cancer_cell
-98.44987291354332,-31.25623332728054,0.0,cancer_cell
-81.61096990393702,-31.25623332728054,0.0,cancer_cell
-64.77206689433072,-31.25623332728054,0.0,cancer_cell
-47.93316388472442,-31.25623332728054,0.0,cancer_cell
-31.094260875118124,-31.25623332728054,0.0,cancer_cell
-14.255357865511826,-31.25623332728054,0.0,cancer_cell
2.5835451440944723,-31.25623332728054,0.0,cancer_cell
19.42244815370077,-31.25623332728054,0.0,cancer_cell
36.26135116330704,-31.25623332728054,0.0,cancer_cell
53.10025417291337,-31.25623332728054,0.0,cancer_cell
69.9391571825197,-31.25623332728054,0.0,cancer_cell
86.77806019212596,-31.25623332728054,0.0,cancer_cell
103.61696320173223,-31.25623332728054,0.0,cancer_cell
120.45586621133856,-31.25623332728054,0.0,cancer_cell
137.2947692209449,-31.25623332728054,0.0,cancer_cell
154.13367223055116,-31.25623332728054,0.0,cancer_cell
170.97257524015743,-31.25623332728054,0.0,cancer_cell
187.81147824976375,-31.25623332728054,0.0,cancer_cell
204.65038125937008,-31.25623332728054,0.0,cancer_cell
221.48928426897635,-31.25623332728054,0.0,cancer_cell
238.32818727858262,-31.25623332728054,0.0,cancer_cell
-241.58054849519687,-16.673315549099243,0.0,cancer_cell
-224.74164548559057,-16.673315549099243,0.0,cancer_cell
-207.90274247598427,-16.673315549099243,0.0,cancer_cell
-191.06383946637797,-16.673315549099243,0.0,cancer_cell
-174.22493645677167,-16.673315549099243,0.0,cancer_cell
-157.38603344716537,-16.673315549099243,0.0,cancer_cell
-140.54713043755908,-16.673315549099243,0.0,cancer_cell
-123.70822742795276,-16.673315549099243,0.0,cancer_cell
-106.86932441834647,-16.673315549099243,0.0,cancer_cell
-90.03042140874017,-16.673315549099243,0.0,cancer_cell
-73.19151839913387,-16.673315549099243,0.0,cancer_cell
-56.35261538952757,-16.673315549099243,0.0,cancer_cell
-39.51371237992127,-16.673315549099243,0.0,cancer_cell
-22.674809370314975,-16.673315549099243,0.0,cancer_cell
-5.8359063607086785,-16.673315549099243,0.0,cancer_cell
11.00299664889762,-16.673315549099243,0.0,cancer_cell
27.84189965850392,-16.673315549099243,0.0,cancer_cell
44.68080266811019,-16.673315549099243,0.0,cancer_cell
61.519705677716516,-16.673315549099243,0.0,cancer_cell
78.35860868732284,-16.673315549099243,0.0,cancer_cell
95.19751169692911,-16.673315549099243,0.0,cancer_cell
112.03641470653538,-16.673315549099243,0.0,cancer_cell
128.8753177161417,-16.673315549099243,0.0,cancer_cell
145.71422072574802,-16.673315549099243,0.0,cancer_cell
162.5531237353543,-16.673315549099243,0.0,cancer_cell
179.39202674496056,-16.673315549099243,0.0,cancer_cell
196.2309297545669,-16.673315549099243,0.0,cancer_cell
213.0698327641732,-16.673315549099243,0.0,cancer_cell
229.90873577377948,-16.673315549099243,0.0,cancer_cell
246.74763878338575,-16.673315549099243,0.0,cancer_cell
-233.1610969903937,-2.0903977709179458,0.0,cancer_cell
-216.3221939807874,-2.0903977709179458,0.0,cancer_cell
-199.4832909711811,-2.0903977709179458,0.0,cancer_cell
-182.6443879615748,-2.0903977709179458,0.0,cancer_cell
-165.8054849519685,-2.0903977709179458,0.0,cancer_cell
-148.9665819423622,-2.0903977709179458,0.0,cancer_cell
-132.1276789327559,-2.0903977709179458,0.0,cancer_cell
-115.28877592314961,-2.0903977709179458,0.0,cancer_cell
-98.44987291354332,-2.0903977709179458,0.0,cancer_cell
-81.61096990393702,-2.0903977709179458,0.0,cancer_cell
-64.77206689433072,-2.0903977709179458,0.0,cancer_cell
-47.93316388472442,-2.0903977709179458,0.0,cancer_cell
-31.094260875118124,-2.0903977709179458,0.0,cancer_cell
-14.255357865511826,-2.0903977709179458,0.0,cancer_cell
2.5835451440944723,-2.0903977709179458,0.0,cancer_cell
19.42244815370077,-2.0903977709179458,0.0,cancer_cell
36.26135116330704,-2.0903977709179458,0.0,cancer_cell
53.10025417291337,-2.0903977709179458,0.0,cancer_cell
69.9391571825197,-2.0903977709179458,0.0,cancer_cell
86.77806019212596,-2.0903977709179458,0.0,cancer_cell
103.61696320173223,-2.0903977709179458,0.0,cancer_cell
120.45586621133856,-2.0903977709179458,0.0,cancer_cell
137.2947692209449,-2.0903977709179458,0.0,cancer_cell
154.13367223055116,-2.0903977709179458,0.0,cancer_cell
170.97257524015743,-2.0903977709179458,0.0,cancer_cell
187.81147824976375,-2.0903977709179458,0.0,cancer_cell
204.65038125937008,-2.0903977709179458,0.0,cancer_cell
221.48928426897635,-2.0903977709179458,0.0,cancer_cell
238.32818727858262,-2.0903977709179458,0.0,cancer_cell
-241.58054849519687,12.492520007263352,0.0,cancer_cell
-224.74164548559057,12.492520007263352,0.0,cancer_cell
-207.90274247598427,12.492520007263352,0.0,cancer_cell
-191.06383946637797,12.492520007263352,0.0,cancer_cell
-174.22493645677167,12.492520007263352,0.0,cancer_cell
-157.38603344716537,12.492520007263352,0.0,cancer_cell
-140.54713043755908,12.492520007263352,0.0,cancer_cell
-123.70822742795276,12.492520007263352,0.0,cancer_cell
-106.86932441834647,12.492520007263352,0.0,cancer_cell
-90.03042140874017,12.492520007263352,0.0,cancer_cell
-73.19151839913387,12.492520007263352,0.0,cancer_cell
-56.35261538952757,12.492520007263352,0.0,cancer_cell
-39.51371237992127,12.492520007263352,0.0,cancer_cell
-22.674809370314975,12.492520007263352,0.0,cancer_cell
-5.8359063607086785,12.492520007263352,0.0,cancer_cell
11.00299664889762,12.492520007263352,0.0,cancer_cell
27.84189965850392,12.492520007263352,0.0,cancer_cell
44.68080266811019,12.492520007263352,0.0,cancer_cell
61.519705677716516,12.492520007263352,0.0,cancer_cell
78.35860868732284,12.492520007263352,0.0,cancer_cell
95.19751169692911,12.492520007263352,0.0,cancer_cell
112.03641470653538,12.492520007263352,0.0,cancer_cell
128.8753177161417,12.492520007263352,0.0,cancer_cell
145.71422072574802,12.492520007263352,0.0,cancer_cell
162.5531237353543,12.492520007263352,0.0,cancer_cell
179.39202674496056,12.492520007263352,0.0,cancer_cell
196.2309297545669,12.492520007263352,0.0,cancer_cell
213.0698327641732,12.492520007263352,0.0,cancer_cell
229.90873577377948,12.492520007263352,0.0,cancer_cell
246.74763878338575,12.492520007263352,0.0,cancer_cell
-233.1610969903937,27.07543778544465,0.0,cancer_cell
-216.3221939807874,27.07543778544465,0.0,cancer_cell
-199.4832909711811,27.07543778544465,0.0,cancer_cell
-182.6443879615748,27.07543778544465,0.0,cancer_cell
-165.8054849519685,27.07543778544465,0.0,cancer_cell
-148.9665819423622,27.07543778544465,0.0,cancer_cell
-132.1276789327559,27.07543778544465,0.0,cancer_cell
-115.28877592314961,27.07543778544465,0.0,cancer_cell
-98.44987291354332,27.07543778544465,0.0,cancer_cell
-81.61096990393702,27.07543778544465,0.0,cancer_cell
-64.77206689433072,27.07543778544465,0.0,cancer_cell
-47.93316388472442,27.07543778544465,0.0,cancer_cell
-31.094260875118124,27.07543778544465,0.0,cancer_cell
-14.255357865511826,27.07543778544465,0.0,cancer_cell
2.5835451440944723,27.07543778544465,0.0,cancer_cell
19.42244815370077,27.07543778544465,0.0,cancer_cell
36.26135116330704,27.07543778544465,0.0,cancer_cell
53.10025417291337,27.07543778544465,0.0,cancer_cell
69.9391571825197,27.07543778544465,0.0,cancer_cell
86.77806019212596,27.07543778544465,0.0,cancer_cell
103.61696320173223,27.07543778544465,0.0,cancer_cell
120.45586621133856,27.07543778544465,0.0,cancer_cell
137.2947692209449,27.07543778544465,0.0,cancer_cell
154.13367223055116,27.07543778544465,0.0,cancer_cell
170.97257524015743,27.07543778544465,0.0,cancer_cell
187.81147824976375,27.07543778544465,0.0,cancer_cell
204.65038125937008,27.07543778544465,0.0,cancer_cell
221.48928426897635,27.07543778544465,0.0,cancer_cell
238.32818727858262,27.07543778544465,0.0,cancer_cell
-241.58054849519687,41.658355563625946,0.0,cancer_cell
-224.74164548559057,41.658355563625946,0.0,cancer_cell
-207.90274247598427,41.658355563625946,0.0,cancer_cell
-191.06383946637797,41.658355563625946,0.0,cancer_cell
-174.22493645677167,41.658355563625946,0.0,cancer_cell
-157.38603344716537,41.658355563625946,0.0,cancer_cell
-140.54713043755908,41.658355563625946,0.0,cancer_cell
-123.70822742795276,41.658355563625946,0.0,cancer_cell
-106.86932441834647,41.658355563625946,0.0,cancer_cell
-90.03042140874017,41.658355563625946,0.0,cancer_cell
-73.19151839913387,41.658355563625946,0.0,cancer_cell
-56.35261538952757,41.658355563625946,0.0,cancer_cell
-39.51371237992127,41.658355563625946,0.0,cancer_cell
-22.674809370314975,41.658355563625946,0.0,cancer_cell
-5.8359063607086785,41.658355563625946,0.0,cancer_cell
11.00299664889762,41.658355563625946,0.0,cancer_cell
27.84189965850392,41.658355563625946,0.0,cancer_cell
44.68080266811019,41.658355563625946,0.0,cancer_cell
61.519705677716516,41.658355563625946,0.0,cancer_cell
78.35860868732284,41.658355563625946,0.0,cancer_cell
95.19751169692911,41.658355563625946,0.0,cancer_cell
112.03641470653538,41.658355563625946,0.0,cancer_cell
128.8753177161417,41.658355563625946,0.0,cancer_cell
145.71422072574802,41.658355563625946,0.0,cancer_cell
162.5531237353543,41.658355563625946,0.0,cancer_cell
179.39202674496056,41.658355563625946,0.0,cancer_cell
196.2309297545669,41.658355563625946,0.0,cancer_cell
213.0698327641732,41.658355563625946,0.0,cancer_cell
229.90873577377948,41.658355563625946,0.0,cancer_cell
-233.1610969903937,56.24127334180724,0.0,cancer_cell
-216.3221939807874,56.24127334180724,0.0,cancer_cell
-199.4832909711811,56.24127334180724,0.0,cancer_cell
-182.6443879615748,56.24127334180724,0.0,cancer_cell
-165.8054849519685,56.24127334180724,0.0,cancer_cell
-148.9665819423622,56.24127334180724,0.0,cancer_cell
-132.1276789327559,56.24127334180724,0.0,cancer_cell
-115.28877592314961,56.24127334180724,0.0,cancer_cell
-98.44987291354332,56.24127334180724,0.0,cancer_cell
-81.61096990393702,56.24127334180724,0.0,cancer_cell
-64.77206689433072,56.24127334180724,0.0,cancer_cell
-47.93316388472442,56.24127334180724,0.0,cancer_cell
-31.094260875118124,56.24127334180724,0.0,cancer_cell
-14.255357865511826,56.24127334180724,0.0,cancer_cell
2.5835451440944723,56.24127334180724,0.0,cancer_cell
19.42244815370077,56.24127334180724,0.0,cancer_cell
36.26135116330704,56.24127334180724,0.0,cancer_cell
53.10025417291337,56.24127334180724,0.0,cancer_cell
69.9391571825197,56.24127334180724,0.0,cancer_cell
86.77806019212596,56.24127334180724,0.0,cancer_cell
103.61696320173223,56.24127334180724,0.0,cancer_cell
120.45586621133856,56.24127334180724,0.0,cancer_cell
137.2947692209449,56.24127334180724,0.0,cancer_cell
154.13367223055116,56.24127334180724,0.0,cancer_cell
170.97257524015743,56.24127334180724,0.0,cancer_cell
187.81147824976375,56.24127334180724,0.0,cancer_cell
204.65038125937008,56.24127334180724,0.0,cancer_cell
221.48928426897635,56.24127334180724,0.0,cancer_cell
238.32818727858262,56.24127334180724,0.0,cancer_cell
-224.74164548559057,70.82419111998854,0.0,cancer_cell
-207.90274247598427,70.82419111998854,0.0,cancer_cell
-191.06383946637797,70.82419111998854,0.0,cancer_cell
-174.22493645677167,70.82419111998854,0.0,cancer_cell
-157.38603344716537,70.82419111998854,0.0,cancer_cell
-140.54713043755908,70.82419111998854,0.0,cancer_cell
-123.70822742795276,70.82419111998854,0.0,cancer_cell
-106.86932441834647,70.82419111998854,0.0,cancer_cell
-90.03042140874017,70.82419111998854,0.0,cancer_cell
-73.19151839913387,70.82419111998854,0.0,cancer_cell
-56.35261538952757,70.82419111998854,0.0,cancer_cell
-39.51371237992127,70.82419111998854,0.0,cancer_cell
-22.674809370314975,70.82419111998854,0.0,cancer_cell
-5.8359063607086785,70.82419111998854,0.0,cancer_cell
11.00299664889762,70.82419111998854,0.0,cancer_cell
27.84189965850392,70.82419111998854,0.0,cancer_cell
44.68080266811019,70.82419111998854,0.0,cancer_cell
61.519705677716516,70.82419111998854,0.0,cancer_cell
78.35860868732284,70.82419111998854,0.0,cancer_cell
95.19751169692911,70.82419111998854,0.0,cancer_cell
112.03641470653538,70.82419111998854,0.0,cancer_cell
128.8753177161417,70.82419111998854,0.0,cancer_cell
145.71422072574802,70.82419111998854,0.0,cancer_cell
162.5531237353543,70.82419111998854,0.0,cancer_cell
179.39202674496056,70.82419111998854,0.0,cancer_cell
196.2309297545669,70.82419111998854,0.0,cancer_cell
213.0698327641732,70.82419111998854,0.0,cancer_cell
229.90873577377948,70.82419111998854,0.0,cancer_cell
-233.1610969903937,85.40710889816984,0.0,cancer_cell
-216.3221939807874,85.40710889816984,0.0,cancer_cell
-199.4832909711811,85.40710889816984,0.0,cancer_cell
-182.6443879615748,85.40710889816984,0.0,cancer_cell
-165.8054849519685,85.40710889816984,0.0,cancer_cell
-148.9665819423622,85.40710889816984,0.0,cancer_cell
-132.1276789327559,85.40710889816984,0.0,cancer_cell
-115.28877592314961,85.40710889816984,0.0,cancer_cell
-98.44987291354332,85.40710889816984,0.0,cancer_cell
-81.61096990393702,85.40710889816984,0.0,cancer_cell
-64.77206689433072,85.40710889816984,0.0,cancer_cell
-47.93316388472442,85.40710889816984,0.0,cancer_cell
-31.094260875118124,85.40710889816984,0.0,cancer_cell
-14.255357865511826,85.40710889816984,0.0,cancer_cell
2.5835451440944723,85.40710889816984,0.0,cancer_cell
19.42244815370077,85.40710889816984,0.0,cancer_cell
36.26135116330704,85.40710889816984,0.0,cancer_cell
53.10025417291337,85.40710889816984,0.0,cancer_cell
69.9391571825197,85.40710889816984,0.0,cancer_cell
86.77806019212596,85.40710889816984,0.0,cancer_cell
103.61696320173223,85.40710889816984,0.0,cancer_cell
120.45586621133856,85.40710889816984,0.0,cancer_cell
137.2947692209449,85.40710889816984,0.0,cancer_cell
154.13367223055116,85.40710889816984,0.0,cancer_cell
170.97257524015743,85.40710889816984,0.0,cancer_cell
187.81147824976375,85.40710889816984,0.0,cancer_cell
204.65038125937008,85.40710889816984,0.0,cancer_cell
221.48928426897635,85.40710889816984,0.0,cancer_cell
-224.74164548559057,99.99002667635114,0.0,cancer_cell
-207.90274247598427,99.99002667635114,0.0,cancer_cell
-191.06383946637797,99.99002667635114,0.0,cancer_cell
-174.22493645677167,99.99002667635114,0.0,cancer_cell
-157.38603344716537,99.99002667635114,0.0,cancer_cell
-140.54713043755908,99.99002667635114,0.0,cancer_cell
-123.70822742795276,99.99002667635114,0.0,cancer_cell
-106.86932441834647,99.99002667635114,0.0,cancer_cell
-90.03042140874017,99.99002667635114,0.0,cancer_cell
-73.19151839913387,99.99002667635114,0.0,cancer_cell
-56.35261538952757,99.99002667635114,0.0,cancer_cell
-39.51371237992127,99.99002667635114,0.0,cancer_cell
-22.674809370314975,99.99002667635114,0.0,cancer_cell
-5.8359063607086785,99.99002667635114,0.0,cancer_cell
11.00299664889762,99.99002667635114,0.0,cancer_cell
27.84189965850392,99.99002667635114,0.0,cancer_cell
44.68080266811019,99.99002667635114,0.0,cancer_cell
61.519705677716516,99.99002667635114,0.0,cancer_cell
78.35860868732284,99.99002667635114,0.0,cancer_cell
95.19751169692911,99.99002667635114,0.0,cancer_cell
112.03641470653538,99.99002667635114,0.0,cancer_cell
128.8753177161417,99.99002667635114,0.0,cancer_cell
145.71422072574802,99.99002667635114,0.0,cancer_cell
162.5531237353543,99.99002667635114,0.0,cancer_cell
179.39202674496056,99.99002667635114,0.0,cancer_cell
196.2309297545669,99.99002667635114,0.0,cancer_cell
213.0698327641732,99.99002667635114,0.0,cancer_cell
-216.3221939807874,114.57294445453243,0.0,cancer_cell
-199.4832909711811,114.57294445453243,0.0,cancer_cell
-182.6443879615748,114.57294445453243,0.0,cancer_cell
-165.8054849519685,114.57294445453243,0.0,cancer_cell
-148.9665819423622,114.57294445453243,0.0,cancer_cell
-132.1276789327559,114.57294445453243,0.0,cancer_cell
-115.28877592314961,114.57294445453243,0.0,cancer_cell
-98.44987291354332,114.57294445453243,0.0,cancer_cell
-81.61096990393702,114.57294445453243,0.0,cancer_cell
-64.77206689433072,114.57294445453243,0.0,cancer_cell
-47.93316388472442,114.57294445453243,0.0,cancer_cell
-31.094260875118124,114.57294445453243,0.0,cancer_cell
-14.255357865511826,114.57294445453243,0.0,cancer_cell
2.5835451440944723,114.57294445453243,0.0,cancer_cell
19.42244815370077,114.57294445453243,0.0,cancer_cell
36.26135116330704,114.57294445453243,0.0,cancer_cell
53.10025417291337,114.57294445453243,0.0,cancer_cell
69.9391571825197,114.57294445453243,0.0,cancer_cell
86.77806019212596,114.57294445453243,0.0,cancer_cell
103.61696320173223,114.57294445453243,0.0,cancer_cell
120.45586621133856,114.57294445453243,0.0,cancer_cell
137.2947692209449,114.57294445453243,0.0,cancer_cell
154.13367223055116,114.57294445453243,0.0,cancer_cell
170.97257524015743,114.57294445453243,0.0,cancer_cell
187.81147824976375,114.57294445453243,0.0,cancer_cell
204.65038125937008,114.57294445453243,0.0,cancer_cell
221.48928426897635,114.57294445453243,0.0,cancer_cell
-207.90274247598427,129.15586223271373,0.0,cancer_cell
-191.06383946637797,129.15586223271373,0.0,cancer_cell
-174.22493645677167,129.15586223271373,0.0,cancer_cell
-157.38603344716537,129.15586223271373,0.0,cancer_cell
-140.54713043755908,129.15586223271373,0.0,cancer_cell
-123.70822742795276,129.15586223271373,0.0,cancer_cell
-106.86932441834647,129.15586223271373,0.0,cancer_cell
-90.03042140874017,129.15586223271373,0.0,cancer_cell
-73.19151839913387,129.15586223271373,0.0,cancer_cell
-56.35261538952757,129.15586223271373,0.0,cancer_cell
-39.51371237992127,129.15586223271373,0.0,cancer_cell
-22.674809370314975,129.15586223271373,0.0,cancer_cell
-5.8359063607086785,129.15586223271373,0.0,cancer_cell
11.00299664889762,129.15586223271373,0.0,cancer_cell
27.84189965850392,129.15586223271373,0.0,cancer_cell
44.68080266811019,129.15586223271373,0.0,cancer_cell
61.519705677716516,129.15586223271373,0.0,cancer_cell
78.35860868732284,129.15586223271373,0.0,cancer_cell
95.19751169692911,129.15586223271373,0.0,cancer_cell
112.03641470653538,129.15586223271373,0.0,cancer_cell
128.8753177161417,129.15586223271373,0.0,cancer_cell
145.71422072574802,129.15586223271373,0.0,cancer_cell
162.5531237353543,129.15586223271373,0.0,cancer_cell
179.39202674496056,129.15586223271373,0.0,cancer_cell
196.2309297545669,129.15586223271373,0.0,cancer_cell
213.0698327641732,129.15586223271373,0.0,cancer_cell
-199.4832909711811,143.73878001089503,0.0,cancer_cell
-182.6443879615748,143.73878001089503,0.0,cancer_cell
-165.8054849519685,143.73878001089503,0.0,cancer_cell
-148.9665819423622,143.73878001089503,0.0,cancer_cell
-132.1276789327559,143.73878001089503,0.0,cancer_cell
-115.28877592314961,143.73878001089503,0.0,cancer_cell
-98.44987291354332,143.73878001089503,0.0,cancer_cell
-81.61096990393702,143.73878001089503,0.0,cancer_cell
-64.77206689433072,143.73878001089503,0.0,cancer_cell
-47.93316388472442,143.73878001089503,0.0,cancer_cell
-31.094260875118124,143.73878001089503,0.0,cancer_cell
-14.255357865511826,143.73878001089503,0.0,cancer_cell
2.5835451440944723,143.73878001089503,0.0,cancer_cell
19.42244815370077,143.73878001089503,0.0,cancer_cell
36.26135116330704,143.73878001089503,0.0,cancer_cell
53.10025417291337,143.73878001089503,0.0,cancer_cell
69.9391571825197,143.73878001089503,0.0,cancer_cell
86.77806019212596,143.73878001089503,0.0,cancer_cell
103.61696320173223,143.73878001089503,0.0,cancer_cell
120.45586621133856,143.73878001089503,0.0,cancer_cell
137.2947692209449,143.73878001089503,0.0,cancer_cell
154.13367223055116,143.73878001089503,0.0,cancer_cell
170.97257524015743,143.73878001089503,0.0,cancer_cell
187.81147824976375,143.73878001089503,0.0,cancer_cell
-191.06383946637797,158.32169778907632,0.0,cancer_cell
-174.22493645677167,158.32169778907632,0.0,cancer_cell
-157.38603344716537,158.32169778907632,0.0,cancer_cell
-140.54713043755908,158.32169778907632,0.0,cancer_cell
-123.70822742795276,158.32169778907632,0.0,cancer_cell
-106.86932441834647,158.32169778907632,0.0,cancer_cell
-90.03042140874017,158.32169778907632,0.0,cancer_cell
-73.19151839913387,158.32169778907632,0.0,cancer_cell
-56.35261538952757,158.32169778907632,0.0,cancer_cell
-39.51371237992127,158.32169778907632,0.0,cancer_cell
-22.674809370314975,158.32169778907632,0.0,cancer_cell
-5.8359063607086785,158.32169778907632,0.0,cancer_cell
11.00299664889762,158.32169778907632,0.0,cancer_cell
27.84189965850392,158.32169778907632,0.0,cancer_cell
44.68080266811019,158.32169778907632,0.0,cancer_cell
61.519705677716516,158.32169778907632,0.0,cancer_cell
78.35860868732284,158.32169778907632,0.0,cancer_cell
95.19751169692911,158.32169778907632,0.0,cancer_cell
112.03641470653538,158.32169778907632,0.0,cancer_cell
128.8753177161417,158.32169778907632,0.0,cancer_cell
145.71422072574802,158.32169778907632,0.0,cancer_cell
162.5531237353543,158.32169778907632,0.0,cancer_cell
179.39202674496056,158.32169778907632,0.0,cancer_cell
-165.8054849519685,172.90461556725762,0.0,cancer_cell
-148.9665819423622,172.90461556725762,0.0,cancer_cell
-132.1276789327559,172.90461556725762,0.0,cancer_cell
-115.28877592314961,172.90461556725762,0.0,cancer_cell
-98.44987291354332,172.90461556725762,0.0,cancer_cell
-81.61096990393702,172.90461556725762,0.0,cancer_cell
-64.77206689433072,172.90461556725762,0.0,cancer_cell
-47.93316388472442,172.90461556725762,0.0,cancer_cell
-31.094260875118124,172.90461556725762,0.0,cancer_cell
-14.255357865511826,172.90461556725762,0.0,cancer_cell
2.5835451440944723,172.90461556725762,0.0,cancer_cell
19.42244815370077,172.90461556725762,0.0,cancer_cell
36.26135116330704,172.90461556725762,0.0,cancer_cell
53.10025417291337,172.90461556725762,0.0,cancer_cell
69.9391571825197,172.90461556725762,0.0,cancer_cell
86.77806019212596,172.90461556725762,0.0,cancer_cell
103.61696320173223,172.90461556725762,0.0,cancer_cell
120.45586621133856,172.90461556725762,0.0,cancer_cell
137.2947692209449,172.90461556725762,0.0,cancer_cell
154.13367223055116,172.90461556725762,0.0,cancer_cell
170.97257524015743,172.90461556725762,0.0,cancer_cell
-157.38603344716537,187.48753334543892,0.0,cancer_cell
-140.54713043755908,187.48753334543892,0.0,cancer_cell
-123.70822742795276,187.48753334543892,0.0,cancer_cell
-106.86932441834647,187.48753334543892,0.0,cancer_cell
-90.03042140874017,187.48753334543892,0.0,cancer_cell
-73.19151839913387,187.48753334543892,0.0,cancer_cell
-56.35261538952757,187.48753334543892,0.0,cancer_cell
-39.51371237992127,187.48753334543892,0.0,cancer_cell
-22.674809370314975,187.48753334543892,0.0,cancer_cell
-5.8359063607086785,187.48753334543892,0.0,cancer_cell
11.00299664889762,187.48753334543892,0.0,cancer_cell
27.84189965850392,187.48753334543892,0.0,cancer_cell
44.68080266811019,187.48753334543892,0.0,cancer_cell
61.519705677716516,187.48753334543892,0.0,cancer_cell
78.35860868732284,187.48753334543892,0.0,cancer_cell
95.19751169692911,187.48753334543892,0.0,cancer_cell
112.03641470653538,187.48753334543892,0.0,cancer_cell
128.8753177161417,187.48753334543892,0.0,cancer_cell
145.71422072574802,187.48753334543892,0.0,cancer_cell
162.5531237353543,187.48753334543892,0.0,cancer_cell
-132.1276789327559,202.07045112362022,0.0,cancer_cell
-115.28877592314961,202.07045112362022,0.0,cancer_cell
-98.44987291354332,202.07045112362022,0.0,cancer_cell
-81.61096990393702,202.07045112362022,0.0,cancer_cell
-64.77206689433072,202.07045112362022,0.0,cancer_cell
-47.93316388472442,202.07045112362022,0.0,cancer_cell
-31.094260875118124,202.07045112362022,0.0,cancer_cell
-14.255357865511826,202.07045112362022,0.0,cancer_cell
2.5835451440944723,202.07045112362022,0.0,cancer_cell
19.42244815370077,202.07045112362022,0.0,cancer_cell
36.26135116330704,202.07045112362022,0.0,cancer_cell
53.10025417291337,202.07045112362022,0.0,cancer_cell
69.9391571825197,202.07045112362022,0.0,cancer_cell
86.77806019212596,202.07045112362022,0.0,cancer_cell
103.61696320173223,202.07045112362022,0.0,cancer_cell
120.45586621133856,202.07045112362022,0.0,cancer_cell
137.2947692209449,202.07045112362022,0.0,cancer_cell
-123.70822742795276,216.6533689018015,0.0,cancer_cell
-106.86932441834647,216.6533689018015,0.0,cancer_cell
-90.03042140874017,216.6533689018015,0.0,cancer_cell
-73.19151839913387,216.6533689018015,0.0,cancer_cell
-56.35261538952757,216.6533689018015,0.0,cancer_cell
-39.51371237992127,216.6533689018015,0.0,cancer_cell
-22.674809370314975,216.6533689018015,0.0,cancer_cell
-5.8359063607086785,216.6533689018015,0.0,cancer_cell
11.00299664889762,216.6533689018015,0.0,cancer_cell
27.84189965850392,216.6533689018015,0.0,cancer_cell
44.68080266811019,216.6533689018015,0.0,cancer_cell
61.519705677716516,216.6533689018015,0.0,cancer_cell
78.35860868732284,216.6533689018015,0.0,cancer_cell
95.19751169692911,216.6533689018015,0.0,cancer_cell
112.03641470653538,216.6533689018015,0.0,cancer_cell
-81.61096990393702,231.2362866799828,0.0,cancer_cell
-64.77206689433072,231.2362866799828,0.0,cancer_cell
-47.93316388472442,231.2362866799828,0.0,cancer_cell
-31.094260875118124,231.2362866799828,0.0,cancer_cell
-14.255357865511826,231.2362866799828,0.0,cancer_cell
2.5835451440944723,231.2362866799828,0.0,cancer_cell
19.42244815370077,231.2362866799828,0.0,cancer_cell
36.26135116330704,231.2362866799828,0.0,cancer_cell
53.10025417291337,231.2362866799828,0.0,cancer_cell
69.9391571825197,231.2362866799828,0.0,cancer_cell
86.77806019212596,231.2362866799828,0.0,cancer_cell
-39.51371237992127,245.8192044581641,0.0,cancer_cell
-22.674809370314975,245.8192044581641,0.0,cancer_cell
-5.8359063607086785,245.8192044581641,0.0,cancer_cell
11.00299664889762,245.8192044581641,0.0,cancer_cell
27.84189965850392,245.8192044581641,0.0,cancer_cell
44.68080266811019,245.8192044581641,0.0,cancer_cell
